Top Apps # (India; Active Users) ,Unified App,App Category
1,mParivahan,Apps-Automotive
2,Android Auto,Apps-Automotive
3,RTO Vehicle Information,Apps-Automotive
4,RTO Vehicle Information & Exam,Apps-Automotive
5,CarWale,Apps-Automotive
6,CarDekho,Apps-Automotive
7,Boodmo,Apps-Automotive
8,GoMechanic,Apps-Automotive
9,CARS24,Apps-Automotive
10,RTO Vehicle Information App,Apps-Automotive
11,BikeWale,Apps-Automotive
12,Spinny,Apps-Automotive
13,Maruti Suzuki Rewards,Apps-Automotive
14,Hyundai BlueLink India,Apps-Automotive
15,BikeDekho,Apps-Automotive
16,Gaadi Bazaar-Buy&Sell vehicles,Apps-Automotive
17,"Challan, Vahan, RTO info: Ind",Apps-Automotive
18,myHyundai,Apps-Automotive
19,ZigWheels,Apps-Automotive
22,Smartplay Studio,Apps-Automotive
23,Tata Motors Service Connect,Apps-Automotive
24,How to find vehicle owner detail,Apps-Automotive
25,MARUTI SUZUKI TRUE VALUE,Apps-Automotive
26,TVS Connect,Apps-Automotive
27,Honda Connect,Apps-Automotive
28,Kia Connect,Apps-Automotive
29,Bangalore Traffic -Check Fines,Apps-Automotive
30,AdrenoX Connect,Apps-Automotive
31,DriveU,Apps-Automotive
32,Suzuki Connect,Apps-Automotive
33,Hyundai Mobility Membership,Apps-Automotive
34,Gadi Number se Vahan Malik nam,Apps-Automotive
35,Hero App,Apps-Automotive
36,Traffic Bangalore: Check Fines,Apps-Automotive
37,BikeInfo- RTO Vehicle Info App,Apps-Automotive
38,Royal Enfield App,Apps-Automotive
39,MyKia (India),Apps-Automotive
41,Fuelio,Apps-Automotive
42,Tata Motors Zconnect,Apps-Automotive
43,Indian RTO Vehicle Information,Apps-Automotive
44,Tata Motors Ira,Apps-Automotive
45,RTO Exam: Driving Licence Test,Apps-Automotive
46,MG iSMART,Apps-Automotive
47,Hyundai Care,Apps-Automotive
48,"Mileage Tracker, Vehicle Log &",Apps-Automotive
49,ConnectNext,Apps-Automotive
50,RTO Vehicle Car Owner details,Apps-Automotive
52,Car Scanner ELM OBD2,Apps-Automotive
53,Carvana: Buy Used Cars,Apps-Automotive
54,주정차단속알림서비스 전국가입도우미,Apps-Automotive
55,70mai,Apps-Automotive
56,BimmerCode for BMW,Apps-Automotive
57,Droom: Used & New Cars & Bikes,Apps-Automotive
58,NissanConnect Services US,Apps-Automotive
59,TOYOTA Connect INDIA,Apps-Automotive
60,myAudi,Apps-Automotive
61,GoBumpr - Car & Bike Service,Apps-Automotive
62,Auto Club App,Apps-Automotive
63,Truebil – Buy Budget Used Cars,Apps-Automotive
64,Yamaha Motorcycle Connect,Apps-Automotive
65,Driving Theory Test for Car Drivers,Apps-Automotive
66,제네시스 디지털 키,Apps-Automotive
67,Pa Driver’S Practice Test,Apps-Automotive
68,TS E challan - Challan checker,Apps-Automotive
69,CarTrade.com,Apps-Automotive
70,Vehicle Information - Find Veh,Apps-Automotive
71,Mercedes Me Service,Apps-Automotive
72,OBD11,Apps-Automotive
73,Accessory Suzuki Connect,Apps-Automotive
74,AutoScout24,Apps-Automotive
76,Transporter and Vahan Info App,Apps-Automotive
78,Torque,Apps-Automotive
79,OLX Autos (Car Dealers Only),Apps-Automotive
80,Truck Junction,Apps-Automotive
81,NissanConnect,Apps-Automotive
83,G1 Driving Test - Ontario,Apps-Automotive
84,G1 Test Genius Ontario,Apps-Automotive
85,Volvo Manual,Apps-Automotive
87,Saudi Driving License Test - D,Apps-Automotive
89,Maruti Suzuki Driving School -,Apps-Automotive
90,RTO Vehicle Information 2023,Apps-Automotive
91,Mercedes-Benz Guides,Apps-Automotive
92,Speed camera radar,Apps-Automotive
93,aCar,Apps-Automotive
95,Check Vehicle Resale Value,Apps-Automotive
96,BMW Drivers Guide,Apps-Automotive
97,Mercedes me 2020,Apps-Automotive
98,RTO Vehicle Owner Details 2021,Apps-Automotive
99,Keys simulator and cars sounds,Apps-Automotive
100,Vehicle Price Check,Apps-Automotive
1,Kuku FM,Apps-Books & Reference
2,Pocket FM,Apps-Books & Reference
3,English Hindi Dictionary,Apps-Books & Reference
4,Kindle,Apps-Books & Reference
5,English Hindi Dictionary Offline,Apps-Books & Reference
6,Pratilipi,Apps-Books & Reference
7,Audible,Apps-Books & Reference
8,Wikipedia,Apps-Books & Reference
9,Google Play Books,Apps-Books & Reference
10,Hi Dictionary,Apps-Books & Reference
11,English Dictionary - Offline by Livio,Apps-Books & Reference
12,"NCERT Hindi Books , Solutions",Apps-Books & Reference
13,Dictionary - WordWeb,Apps-Books & Reference
14,English Bangla Dictionary,Apps-Books & Reference
15,Hindi Bible (Pavitra Bible),Apps-Books & Reference
16,Bible,Apps-Books & Reference
17,Merriam-Webster Dictionary,Apps-Books & Reference
18,YourQuote — Writing App,Apps-Books & Reference
19,LINE Webtoon,Apps-Books & Reference
20,Wattpad,Apps-Books & Reference
21,Moon+ Reader,Apps-Books & Reference
22,Goodreads,Apps-Books & Reference
23,English Marathi Dictionary,Apps-Books & Reference
24,Webnovel,Apps-Books & Reference
25,Pratilipi Comics,Apps-Books & Reference
26,GIGL Audio Book and Courses,Apps-Books & Reference
27,Lithium: EPUB Reader,Apps-Books & Reference
28,English Malayalam Dictionary,Apps-Books & Reference
29,HOLY QURAN (القرآن الكريم),Apps-Books & Reference
30,Stotramaala,Apps-Books & Reference
31,MyAnimeList Official,Apps-Books & Reference
32,eReader Prestigio,Apps-Books & Reference
33,Tamil Bible,Apps-Books & Reference
34,Dictionary.com,Apps-Books & Reference
35,English Gujarati Dictionary,Apps-Books & Reference
36,English Tamil Dictionary,Apps-Books & Reference
37,English Telugu Dictionary,Apps-Books & Reference
38,Oxford Dictionary of English,Apps-Books & Reference
39,Al Quran - القرأن الكريم,Apps-Books & Reference
40,BILIBILI COMICS,Apps-Books & Reference
41,Ultimate Facts - Did You Know?,Apps-Books & Reference
42,Quran Majeed,Apps-Books & Reference
43,Acharya Prashant,Apps-Books & Reference
44,Quran Android,Apps-Books & Reference
45,English to Hindi Dictionary,Apps-Books & Reference
46,Pocket Novel Reader,Apps-Books & Reference
47,Pratilipi Fm - Audio Stories,Apps-Books & Reference
48,English Kannada Dictionary,Apps-Books & Reference
49,Bhagavad-Gita in Hindi,Apps-Books & Reference
50,Motivational Quotes in Hindi,Apps-Books & Reference
51,HOLY QURAN - القرآن الكريم,Apps-Books & Reference
52,Storytel,Apps-Books & Reference
53,Sunni Manzil (Malayalam ),Apps-Books & Reference
54,English to Tamil Dictionary,Apps-Books & Reference
55,"Vocab App: Hindu Editorial, Gr",Apps-Books & Reference
56,KJV Bible,Apps-Books & Reference
57,Rekhta Urdu Dictionary – in Ur,Apps-Books & Reference
58,SHABDKOSH Dictionary,Apps-Books & Reference
59,Divine Pearls,Apps-Books & Reference
60,Weekly Shonen Jump,Apps-Books & Reference
61,POC Bible (Malayalam),Apps-Books & Reference
62,Headway: Easiest Way to Read,Apps-Books & Reference
63,Gita Seva : e-Books and Audio,Apps-Books & Reference
64,Al-Quran,Apps-Books & Reference
65,MANGA,Apps-Books & Reference
66,English Russian Dictionary,Apps-Books & Reference
67,Surah Yaseen,Apps-Books & Reference
68,English To Odia Dictionary,Apps-Books & Reference
69,Odia Dictionary,Apps-Books & Reference
71,Hindi English Dictionary,Apps-Books & Reference
72,Gurbani Searcher,Apps-Books & Reference
73,Hindi Bible (हिंदी बाइबिल),Apps-Books & Reference
74,MangaToon,Apps-Books & Reference
77,15 Lines Hefz/ Hafezi Quran,Apps-Books & Reference
78,Telugu Bible Plus,Apps-Books & Reference
79,"ComicScreen - PDF, ComicReader",Apps-Books & Reference
80,Ayat - Al Quran,Apps-Books & Reference
81,1000+ English Stories Offline,Apps-Books & Reference
82,Qutoes Mood,Apps-Books & Reference
83,Scribd,Apps-Books & Reference
84,Bangla Quran -উচ্চারণসহ(কুরআন),Apps-Books & Reference
85,FBReader,Apps-Books & Reference
86,Madani Qaidah,Apps-Books & Reference
87,EPUB Reader for all books you,Apps-Books & Reference
88,तुलसीरचित श्रीरामचरितमानस,Apps-Books & Reference
89,Quran with Urdu Translation,Apps-Books & Reference
90,Sundar Gutka,Apps-Books & Reference
91,Blinkist,Apps-Books & Reference
92,GoodNovel,Apps-Books & Reference
93,Surah Rahman & More Surahs,Apps-Books & Reference
95,Urban Dictionary,Apps-Books & Reference
96,English Synonyms Dictionary,Apps-Books & Reference
97,Aldiko Book Reader,Apps-Books & Reference
98,"Hanuman Chalisa: चालीसा, आरती",Apps-Books & Reference
99,Olam Malayalam Dictionary,Apps-Books & Reference
100,Offline French-Italian diction,Apps-Books & Reference
1,WhatsApp Business,Apps-Business
2,WPS Office,Apps-Business
3,Adobe Reader,Apps-Business
4,LinkedIn,Apps-Business
5,Microsoft Office Mobile,Apps-Business
6,ZOOM Cloud Meetings,Apps-Business
7,Google Sheets,Apps-Business
8,Microsoft Teams,Apps-Business
9,Document Scanner,Apps-Business
10,YouTube Creator Studio,Apps-Business
11,Google Docs,Apps-Business
12,Adobe Scan,Apps-Business
13,CamScanner,Apps-Business
14,Microsoft Word,Apps-Business
15,PhonePe for Business,Apps-Business
16,Microsoft Excel,Apps-Business
17,Khata Book,Apps-Business
18,Google Meet,Apps-Business
19,Naukri.com JobSearch,Apps-Business
20,Intune Company Portal,Apps-Business
21,OKEN,Apps-Business
22,OkCredit,Apps-Business
23,Clear Scan - PDF Scanner App,Apps-Business
24,Slack,Apps-Business
25,Sodexo Zeta,Apps-Business
26,Google Slides,Apps-Business
27,Microsoft PowerPoint,Apps-Business
28,Cisco WebEx Meetings,Apps-Business
29,apna,Apps-Business
30,IndiaMART,Apps-Business
31,Indeed Job Search,Apps-Business
32,JioPOS Lite,Apps-Business
33,PDF Reader - PDF Viewer,Apps-Business
34,All Document Reader,Apps-Business
35,Xodo PDF Reader & Editor,Apps-Business
36,Office Lens,Apps-Business
37,Idea Smart - Retailer,Apps-Business
38,Workindia Job Search App,Apps-Business
39,GlowRoad,Apps-Business
40,PDF Reader App : Read All PDF,Apps-Business
41,Image to PDF Converter,Apps-Business
42,TapScanner,Apps-Business
43,AnyDesk,Apps-Business
44,PDF Viewer - PDF Reader,Apps-Business
45,Amazon Pay For Business,Apps-Business
46,vFlat,Apps-Business
47,OfficeSuite 7,Apps-Business
48,ReadEra by READERA LLC,Apps-Business
49,Invoice Billing Gst Accounting,Apps-Business
50,Facebook Pages Manager,Apps-Business
51,Google Chat,Apps-Business
52,PDF Viewer by Andromeda App,Apps-Business
53,PDF Reader - PDF Viewer by Tools & Utilities Apps,Apps-Business
54,Pdf,Apps-Business
55,Adsexchange,Apps-Business
56,Krishify Agriculture Kisan App,Apps-Business
57,ZingHR,Apps-Business
58,PDF Scanner by Tools & Utilities Apps,Apps-Business
59,Fast Scanner,Apps-Business
60,Uber Driver,Apps-Business
61,darwinbox,Apps-Business
62,Infy Me,Apps-Business
63,HP All in One Printer Remote,Apps-Business
64,Scanner Go,Apps-Business
65,Brands.live - Festival Poster,Apps-Business
66,Creator Studio,Apps-Business
67,PDF Scanner - Scanner App,Apps-Business
68,PDF Reader – PDF Viewer,Apps-Business
69,PeopleStrong,Apps-Business
70,Glassdoor,Apps-Business
71,MoveInSync,Apps-Business
72,Image to PDF - JPG to PDF,Apps-Business
73,Fiverr,Apps-Business
74,Amazon Seller,Apps-Business
75,"Word Office - Pdf, Docx, Excel, Docs, All Document",Apps-Business
76,SR App by SarkariResult.Com,Apps-Business
77,Hirect,Apps-Business
78,PDF Maker: Image to PDF,Apps-Business
79,"Docx Reader - Word, Office",Apps-Business
80,vidIQ for YouTube,Apps-Business
81,JIRA Cloud,Apps-Business
82,Easy Scanner by Caller Show,Apps-Business
83,Hp Pay,Apps-Business
84,Facebook Manager,Apps-Business
85,Pdf Scanner App - Scan To Pdf,Apps-Business
86,AdWords,Apps-Business
87,Bada Business Community,Apps-Business
88,Resume Builder App,Apps-Business
89,Polaris Office,Apps-Business
90,TubeBuddy,Apps-Business
91,Notebloc Scanner - Scan to PDF,Apps-Business
92,T2S: Text to Voice/Read Aloud,Apps-Business
93,Mybillbook Invoice Billing App,Apps-Business
94,PagarBook:Attendance & Payroll,Apps-Business
95,HR Management - Zoho People,Apps-Business
96,"""Lio - Excel, Notebook, Register""",Apps-Business
97,Image to PDF: PDF Converter,Apps-Business
99,PDF Reader by QR Code Scanner,Apps-Business
100,Pdf Reader - Read All Pdf,Apps-Business
1,Google Classroom,Apps-Education
2,Brainly,Apps-Education
3,DIKSHA,Apps-Education
4,Exam Preparation App,Apps-Education
5,Unacademy Learning App,Apps-Education
6,Doubtnut,Apps-Education
7,Duolingo: Learn Languages,Apps-Education
8,Udemy,Apps-Education
9,BYJU'S,Apps-Education
10,Utkarsh,Apps-Education
11,Pw - Jee/Neet,Apps-Education
12,Careerwill App,Apps-Education
13,Gradeup,Apps-Education
14,KHAN SIR OFFICIAL,Apps-Education
15,Piano Kids,Apps-Education
16,Ncert Books & Solutions,Apps-Education
17,Rojgar With Ankit (RWA),Apps-Education
18,Teachmint,Apps-Education
19,Prerna DBT,Apps-Education
20,Read Along By Google,Apps-Education
21,NCERT Books and Solutions,Apps-Education
22,Exampur: Sarkari Naukari prep,Apps-Education
23,RKSMBK App,Apps-Education
24,Coursera,Apps-Education
25,CampusCare,Apps-Education
26,OckyPocky,Apps-Education
27,Dhurina - Learning Made Easy,Apps-Education
28,Seekho : Hindi learning videos,Apps-Education
29,JoshTalks English Speaking App,Apps-Education
30,Vedantu,Apps-Education
31,Chandra Institute Allahabad,Apps-Education
32,Swayam,Apps-Education
33,LinkedIn Learning,Apps-Education
34,लुसेंट वस्तुनिष्ट GK in हिन्दी,Apps-Education
35,NCERT Books,Apps-Education
36,MARROW,Apps-Education
37,"""Yellow Class - Kids Learn Live""",Apps-Education
38,Cake(케이크),Apps-Education
39,Guru Notes,Apps-Education
40,Socratic by Google,Apps-Education
41,Current Affairs & GK 2022,Apps-Education
42,The Winners Institute App,Apps-Education
43,Great Learning,Apps-Education
44,StudyIQ IAS & PCS,Apps-Education
45,SnapSolve: Doubt Solving App,Apps-Education
46,Drishti Learning App,Apps-Education
47,Hello English,Apps-Education
48,myCBSEguide - CBSE Papers & NC,Apps-Education
49,IGNOU StudentApp,Apps-Education
50,Prepladder Learning App,Apps-Education
51,SCHOOL PARENT APP,Apps-Education
52,Udemy for Business,Apps-Education
53,Nipun Lakshya App,Apps-Education
54,PRERNA UTTAR PRADESH,Apps-Education
55,ePathshala,Apps-Education
56,Simplilearn,Apps-Education
57,Entri: Learning App for Jobs,Apps-Education
58,Filo: Assignment & Exam Help,Apps-Education
59,PhotoMath,Apps-Education
60,Oda Class: LIVE Learning App,Apps-Education
61,Edunext,Apps-Education
62,Stellarium Mobile - Star Map,Apps-Education
63,SoloLearn,Apps-Education
64,Allen,Apps-Education
65,LearnVern Online Courses,Apps-Education
66,Quiz khelo Math,Apps-Education
67,upGrad,Apps-Education
68,BYJU'S - 11th and 12th,Apps-Education
69,Voot Kids,Apps-Education
70,e-Care Pro,Apps-Education
71,Best Shayari & Urdu poetry | R,Apps-Education
72,MyClassBoard Parent Portal,Apps-Education
73,SkyView,Apps-Education
74,Oliveboard Exam Prep App,Apps-Education
75,Kalam Academy,Apps-Education
76,Next Learning Platform,Apps-Education
77,Avsar,Apps-Education
78,Indianmoney'S Fdom App,Apps-Education
79,Embibe,Apps-Education
80,Sachin Academy Official,Apps-Education
81,Kutuki,Apps-Education
82,Homework Help App | Scan Quest,Apps-Education
83,Moodle,Apps-Education
84,Uolo Learn ( Uolo Notes ),Apps-Education
85,AnkiDroid Flashcards,Apps-Education
86,87,Apps-Education
87,Microsoft Math Solver,Apps-Education
88,Disney • BYJU'S Early Learn,Apps-Education
89,LEAD Student App,Apps-Education
90,Star Tracker,Apps-Education
91,SwiftChat by ConveGenius,Apps-Education
92,Class 9 All NCERT Solutions,Apps-Education
93,WhiteHat Jr,Apps-Education
94,Lucent General Knowledge Hindi,Apps-Education
95,Shaalaa: The Study App,Apps-Education
96,DSL Krantikari App,Apps-Education
97,Allen Csat,Apps-Education
98,Amazon Academy - Jee/Neet Prep,Apps-Education
99,CuriousJr - Coding on Mobile,Apps-Education
100,Khan Academy,Apps-Education
1,YouTube,Apps-Entertainment
2,MX Player,Apps-Entertainment
3,Hotstar,Apps-Entertainment
4,YouTube Music,Apps-Entertainment
5,Moj,Apps-Entertainment
6,JioTV,Apps-Entertainment
7,Spotify,Apps-Entertainment
8,PLAYit,Apps-Entertainment
9,Amazon Prime Video,Apps-Entertainment
10,JioSaavn,Apps-Entertainment
11,Wynk,Apps-Entertainment
12,Google Play Movies and TV,Apps-Entertainment
13,Netflix,Apps-Entertainment
14,Public - Local Videos,Apps-Entertainment
15,Mi Music,Apps-Entertainment
16,ZEE5,Apps-Entertainment
17,MX TakaTak,Apps-Entertainment
18,Josh,Apps-Entertainment
19,VLC Media Player,Apps-Entertainment
20,BookMyShow,Apps-Entertainment
21,Gaana,Apps-Entertainment
22,Resso,Apps-Entertainment
23,Google Play Music,Apps-Entertainment
24,Sony LIV,Apps-Entertainment
25,Tiki - Short Video Community,Apps-Entertainment
26,Zili,Apps-Entertainment
27,My Galaxy,Apps-Entertainment
28,Voot,Apps-Entertainment
29,Google Play Games,Apps-Entertainment
30,Tata Sky Mobile,Apps-Entertainment
31,JioCinema,Apps-Entertainment
32,Amazon Music,Apps-Entertainment
33,Mi Video - Video player,Apps-Entertainment
34,Game Space,Apps-Entertainment
35,Airtel TV,Apps-Entertainment
36,Splayer - All Video Player,Apps-Entertainment
37,Games,Apps-Entertainment
38,Shazam,Apps-Entertainment
39,StarMaker Karaoke,Apps-Entertainment
40,Ullu,Apps-Entertainment
41,YouTube Kids,Apps-Entertainment
42,Chingari,Apps-Entertainment
43,Rizzle,Apps-Entertainment
44,Samsung Music,Apps-Entertainment
45,Music Player by Mobile V5,Apps-Entertainment
46,Music Player by My Techno Sound,Apps-Entertainment
47,Sound Amplifier,Apps-Entertainment
48,Visha-Video Player All Formats,Apps-Entertainment
49,aha,Apps-Entertainment
50,Discovery Plus,Apps-Entertainment
51,Vodafone Play,Apps-Entertainment
52,"Music Player - MP3 Player, Audio Player",Apps-Entertainment
53,HUAWEI Video,Apps-Entertainment
54,Music player_creative & quality std,Apps-Entertainment
55,MX Player Online,Apps-Entertainment
56,MP3 Video Converter,Apps-Entertainment
57,Video Player All Format,Apps-Entertainment
58,MP3 Cutter and Ringtone Maker by AtomicApps,Apps-Entertainment
59,IMDb Movies and TV,Apps-Entertainment
60,Lark Player,Apps-Entertainment
61,Sun NXT,Apps-Entertainment
62,Music Player - MP3 Player,Apps-Entertainment
63,Poweramp,Apps-Entertainment
64,Audio MP3 Cutter Mix Converter,Apps-Entertainment
65,ALTBalaji,Apps-Entertainment
66,Rooter,Apps-Entertainment
67,TikTok,Apps-Entertainment
68,Sing! by Smule,Apps-Entertainment
69,Boomplay Music,Apps-Entertainment
70,PVR Cinemas,Apps-Entertainment
71,Tata Sky Binge,Apps-Entertainment
72,Twitch,Apps-Entertainment
73,FunXD,Apps-Entertainment
74,Samsung Video Library,Apps-Entertainment
75,Headfone,Apps-Entertainment
76,TicketNew - Movie Tickets,Apps-Entertainment
77,Guitar Tuna,Apps-Entertainment
78,Video Player All Formats,Apps-Entertainment
79,SoundCloud,Apps-Entertainment
80,Musicolet Music Player,Apps-Entertainment
81,REFACE: face swap videos,Apps-Entertainment
82,Pi Music Player,Apps-Entertainment
83,Music Player by Leopard V7,Apps-Entertainment
84,Steam,Apps-Entertainment
85,MP3 Cutter and Ringtone Maker,Apps-Entertainment
86,Music Player by Recorder & Smart Apps,Apps-Entertainment
87,Loco - Live Trivia Game Show,Apps-Entertainment
88,Roposo,Apps-Entertainment
89,Perfect Piano,Apps-Entertainment
90,Hipi,Apps-Entertainment
91,Hungama,Apps-Entertainment
92,My Sun Direct App,Apps-Entertainment
93,FM Radio India,Apps-Entertainment
94,jetAudio,Apps-Entertainment
95,Viki,Apps-Entertainment
96,Tango Live,Apps-Entertainment
97,Radio Garden Live,Apps-Entertainment
98,Apple Music,Apps-Entertainment
99,KMPlayer,Apps-Entertainment
100,Vanced Tube,Apps-Entertainment
1,Healofy -Pregnancy & Parenting,Apps-Family and Relationships
2,Mylo Pregnancy & Parenting App,Apps-Family and Relationships
3,Pregnancy Tracker & Baby App,Apps-Family and Relationships
4,MyHeritage,Apps-Family and Relationships
5,Think and Learn | Parent Conne,Apps-Family and Relationships
6,StarAndDaisy - Baby & Kids,Apps-Family and Relationships
7,Microsoft Family Safety,Apps-Family and Relationships
8,Prodigy Baby - Parenting App,Apps-Family and Relationships
9,Google Family Link for children & teens,Apps-Family and Relationships
10,Pregnancy plus,Apps-Family and Relationships
11,FamiSafe,Apps-Family and Relationships
12,TopParent-Family Education App,Apps-Family and Relationships
13,"BabyG: Activity, Tracker, Meal",Apps-Family and Relationships
14,Ancestry,Apps-Family and Relationships
15,WaTracer Messenger Tracker App,Apps-Family and Relationships
16,Growth Book - Baby Development,Apps-Family and Relationships
17,Nanit,Apps-Family and Relationships
18,Baby Monitor 3G,Apps-Family and Relationships
19,Followa:Tracker for Whatsapp,Apps-Family and Relationships
20,Online Monitor (Last Seen),Apps-Family and Relationships
21,Baby +,Apps-Family and Relationships
22,WhatsActivity Parental Control,Apps-Family and Relationships
23,Home,Apps-Family and Relationships
24,Couples Sex Games,Apps-Family and Relationships
25,Quick Family Tree,Apps-Family and Relationships
26,23andMe,Apps-Family and Relationships
27,Parental Control - Last Seen Monitor,Apps-Family and Relationships
28,Tamil Baby Names,Apps-Family and Relationships
29,Logify - WhatsApp Tracker,Apps-Family and Relationships
30,Kinedu,Apps-Family and Relationships
31,Pregnancy & Baby | What to Expect,Apps-Family and Relationships
32,LastLog - Last Seen Online Tra,Apps-Family and Relationships
33,Pingo,Apps-Family and Relationships
34,Telugu Baby Names-50k+,Apps-Family and Relationships
35,LogWhat - WA Online Tracker,Apps-Family and Relationships
36,BabyPredictor: Baby Generator,Apps-Family and Relationships
37,Online Tracker for Whatsapp,Apps-Family and Relationships
38,WhatsDoc Online,Apps-Family and Relationships
39,Baby Pics,Apps-Family and Relationships
40,BabyChakra,Apps-Family and Relationships
41,Baby Tracker. Breastfeeding Tracker. Newborn,Apps-Family and Relationships
42,AirDroid Parental Control,Apps-Family and Relationships
43,Family GPS Tracker KidControl,Apps-Family and Relationships
44,Kaspersky Safe Kids: Parental Control,Apps-Family and Relationships
45,Solid Starts,Apps-Family and Relationships
46,Whatstat &Offline Status,Apps-Family and Relationships
47,Baby Tracker,Apps-Family and Relationships
48,Baby Tracker by Amila,Apps-Family and Relationships
49,Xbox Family Settings,Apps-Family and Relationships
50,Screen Time Parental Control,Apps-Family and Relationships
51,Paired: Relationship & Couples,Apps-Family and Relationships
52,Safes - Parental Control,Apps-Family and Relationships
53,BabyGenerator Guess baby face,Apps-Family and Relationships
54,MMGuardian Parent App,Apps-Family and Relationships
55,BabyCam - Baby Monitor Camera,Apps-Family and Relationships
56,Baby Daybook,Apps-Family and Relationships
57,FamilyKeeper Parental Control,Apps-Family and Relationships
58,The Happy Child Parenting App,Apps-Family and Relationships
59,Parental Control - Kids Place,Apps-Family and Relationships
60,Whatson - Last seen Online,Apps-Family and Relationships
61,Whats Online Notification,Apps-Family and Relationships
62,Qustodio Parental Control App,Apps-Family and Relationships
64,Seen: Family WA Online Tracker,Apps-Family and Relationships
65,Parental Control by Kidslox,Apps-Family and Relationships
66,BLW Meals,Apps-Family and Relationships
67,Online Notification Last Seen,Apps-Family and Relationships
68,Muslim Baby Names,Apps-Family and Relationships
69,Qustodio,Apps-Family and Relationships
70,WhatsTraker Notifier,Apps-Family and Relationships
71,Norton Family parental control,Apps-Family and Relationships
73,Don't cry my baby (lullaby),Apps-Family and Relationships
74,FamilySearch Tree,Apps-Family and Relationships
75,WAseen - Online tracker,Apps-Family and Relationships
76,"Muslim Boys Names In Urdu , Me",Apps-Family and Relationships
77,FamilyKit - Online Tracker for,Apps-Family and Relationships
78,W-Parents - Online Tracker,Apps-Family and Relationships
79,Wastat: Online Tracker,Apps-Family and Relationships
80,Kid security,Apps-Family and Relationships
81,Baby Sleep,Apps-Family and Relationships
82,WaStat: Online Last Seen,Apps-Family and Relationships
83,Can'u - Sex Game for couple,Apps-Family and Relationships
84,WhatEye 4: Online Last Seen,Apps-Family and Relationships
85,Baby Language,Apps-Family and Relationships
86,Little Ones™,Apps-Family and Relationships
87,Huckleberry: Baby & Child,Apps-Family and Relationships
88,Kids Launcher - Parental Contr,Apps-Family and Relationships
89,Storypark for Families,Apps-Family and Relationships
90,Boomerang Parental Control,Apps-Family and Relationships
91,Breastfeeding Newborn tracker,Apps-Family and Relationships
92,Dormi - Baby Monitor,Apps-Family and Relationships
93,Bosco: Safety for Kids,Apps-Family and Relationships
94,Bitdefender Parental Control,Apps-Family and Relationships
95,Child Safety App,Apps-Family and Relationships
96,Parental Control Kroha,Apps-Family and Relationships
97,MyMedela,Apps-Family and Relationships
98,Safe Vision,Apps-Family and Relationships
99,Baby Tracker - Breastfeeding,Apps-Family and Relationships
100,Safe Lagoon Parental Control,Apps-Family and Relationships
1,Google Pay,Apps-Finance
2,PhonePe,Apps-Finance
3,Paytm,Apps-Finance
4,YONO SBI,Apps-Finance
5,iMobile by ICICI Bank,Apps-Finance
6,HDFC Bank,Apps-Finance
7,CRED,Apps-Finance
8,Axis Mobile,Apps-Finance
9,bob World,Apps-Finance
10,Bajaj Finserv,Apps-Finance
11,Kite Zerodha,Apps-Finance
12,BHIM,Apps-Finance
13,Kotak Bank,Apps-Finance
14,Groww - Mutual Funds App,Apps-Finance
15,SBI Card,Apps-Finance
16,Yono Lite SBI,Apps-Finance
17,FinShell Pay,Apps-Finance
18,Moneycontrol,Apps-Finance
19,Paytm For Business,Apps-Finance
20,nxt,Apps-Finance
21,IPPB Mobile Banking,Apps-Finance
22,Angel One,Apps-Finance
23,Pnb Mpassbook,Apps-Finance
24,MobiKwik,Apps-Finance
25,Google Pay for Business,Apps-Finance
26,Pnb One,Apps-Finance
27,CANDI,Apps-Finance
28,WazirX,Apps-Finance
29,Dhani,Apps-Finance
30,KreditBee,Apps-Finance
31,FreeCharge,Apps-Finance
32,IndOASIS Indian Bank MobileApp,Apps-Finance
33,Nps By tean,Apps-Finance
34,Pi Network,Apps-Finance
35,BharatPe,Apps-Finance
36,LIC Customer,Apps-Finance
37,BOI,Apps-Finance
38,slice super card,Apps-Finance
39,CoinSwitch,Apps-Finance
40,IndusMobile,Apps-Finance
41,Samsung Pay,Apps-Finance
42,CoinDCX,Apps-Finance
43,Upstox Old,Apps-Finance
44,PayZapp by HDFC Bank,Apps-Finance
45,Binance,Apps-Finance
46,IDFC FIRST Bank,Apps-Finance
47,Rbl Mycard,Apps-Finance
48,Splitwise,Apps-Finance
49,Bajaj Finserv Wallet,Apps-Finance
50,Navi,Apps-Finance
51,Paisabazaar.com,Apps-Finance
52,Samsung Finance +,Apps-Finance
53,Citibank India,Apps-Finance
54,INDmoney,Apps-Finance
55,Upstox,Apps-Finance
56,Canara E-Passbook,Apps-Finance
57,TradingView,Apps-Finance
58,Paytm Money,Apps-Finance
59,Cent Mobile,Apps-Finance
60,OneCard: Metal Credit Card,Apps-Finance
61,OneScore: Credit Score Insight,Apps-Finance
62,Coin by Zerodha,Apps-Finance
63,Tickertape,Apps-Finance
64,Zestmoney,Apps-Finance
65,Compare & Buy Insurance,Apps-Finance
66,Money View: Personal Loan App,Apps-Finance
67,myCAMS,Apps-Finance
68,Trust: Crypto & Bitcoin Wallet,Apps-Finance
69,Jar,Apps-Finance
70,Yes Bank,Apps-Finance
71,IDBI Bank mPassbook,Apps-Finance
72,Investing.com,Apps-Finance
73,Fi Money - Smarter Banking,Apps-Finance
74,Home Credit India,Apps-Finance
75,Cent m-passbook,Apps-Finance
76,IDBI Bank Go Mobile +,Apps-Finance
77,BHIM SBI Pay,Apps-Finance
78,FedMobile,Apps-Finance
79,My Fastag,Apps-Finance
80,"PayNearby - Aadhaar ATM, DMT",Apps-Finance
81,Ring - Fast and Easy Payments,Apps-Finance
82,Spice Money Adhikari,Apps-Finance
83,No.1 Balance App for Delhi,Apps-Finance
84,mPokket: Instant Loan App,Apps-Finance
85,HDFC securities MobileTrading,Apps-Finance
86,Uni Cards,Apps-Finance
87,EMI Calculator - Finance Tool,Apps-Finance
88,smallcase: Investing made easy,Apps-Finance
89,ETMONEY,Apps-Finance
90,Uco Mbanking,Apps-Finance
91,Jupiter,Apps-Finance
92,PayPal,Apps-Finance
93,SC Mobile India,Apps-Finance
94,Instabiz,Apps-Finance
95,"""Bajaj Markets""",Apps-Finance
96,AU 0101 - Digital Banking,Apps-Finance
97,ALL IN ONE CALC,Apps-Finance
98,Sbi Mutual Fund - Investap,Apps-Finance
99,5paisa,Apps-Finance
100,ICICI direct,Apps-Finance
1,Zomato,Apps-Food & Drink
2,Swiggy Food Delivery,Apps-Food & Drink
3,BigBasket,Apps-Food & Drink
4,Domino's Pizza India,Apps-Food & Drink
5,Grofers,Apps-Food & Drink
6,Zepto,Apps-Food & Drink
7,Dunzo,Apps-Food & Drink
8,DealShare,Apps-Food & Drink
9,DMart Ready,Apps-Food & Drink
10,Licious,Apps-Food & Drink
11,Dineout: Reserve a Table,Apps-Food & Drink
12,bbdaily,Apps-Food & Drink
13,Country Delight Milk & Grocery,Apps-Food & Drink
14,Citymall - Grocery Shop,Apps-Food & Drink
15,Fresh To Home,Apps-Food & Drink
16,KFC India,Apps-Food & Drink
17,FAASOS,Apps-Food & Drink
18,McDonald's App,Apps-Food & Drink
19,Mera Ration,Apps-Food & Drink
20,Pizza Hut Delivery & Takeaway,Apps-Food & Drink
21,Milkbasket,Apps-Food & Drink
22,EazyDiner,Apps-Food & Drink
23,McDelivery- India West & South,Apps-Food & Drink
24,HungerBox Cafe,Apps-Food & Drink
25,EATCLUB: Order Food Online,Apps-Food & Drink
26,Barbeque-Nation,Apps-Food & Drink
27,Fraazo,Apps-Food & Drink
28,Supr Daily,Apps-Food & Drink
29,Burger King India,Apps-Food & Drink
30,La Pino'z Pizza,Apps-Food & Drink
31,Big Bazaar,Apps-Food & Drink
32,OTIPY:Fresh Vegetable & Fruits,Apps-Food & Drink
33,Swiggy Delivery Partner App,Apps-Food & Drink
34,Shikhar,Apps-Food & Drink
35,"StarQuik, a TATA enterprise",Apps-Food & Drink
36,TenderCuts,Apps-Food & Drink
37,Bbinstant,Apps-Food & Drink
38,Spencer's Online Shopping App,Apps-Food & Drink
39,MOJO Pizza: Order Pizza Online,Apps-Food & Drink
40,Starbucks India,Apps-Food & Drink
41,FTH Daily,Apps-Food & Drink
42,Oven Story Pizza,Apps-Food & Drink
43,Vishal Mega Mart-Select Cities,Apps-Food & Drink
44,highway delite,Apps-Food & Drink
45,UberEATS,Apps-Food & Drink
46,Irctc Catering - Food On Track,Apps-Food & Drink
47,1K Online Grocery Shopping App,Apps-Food & Drink
48,Swiggy Partner App,Apps-Food & Drink
49,"Living Liquidz - Alcohol, Wine",Apps-Food & Drink
50,Akshayakalpa Organic Milk,Apps-Food & Drink
51,Behrouz,Apps-Food & Drink
52,Patanjali Order Me : Vocal For,Apps-Food & Drink
53,KisanKonnect FarmFresh Produce,Apps-Food & Drink
54,Deep Rooted,Apps-Food & Drink
55,SmartQ - Food Ordering App,Apps-Food & Drink
56,Ondoor - Online Grocery Shoppi,Apps-Food & Drink
57,Zomato Delivery Partner,Apps-Food & Drink
58,ABs & 3Bs,Apps-Food & Drink
59,BOX8,Apps-Food & Drink
60,pickily - Grocery Delivery,Apps-Food & Drink
61,More: Grocery Delivery,Apps-Food & Drink
62,RailRestro-Order Food In Train,Apps-Food & Drink
63,Gyan Fresh,Apps-Food & Drink
64,Biryani By Kilo,Apps-Food & Drink
65,Grab,Apps-Food & Drink
66,Bisleri at Doorstep,Apps-Food & Drink
67,Talabat,Apps-Food & Drink
68,Nutrabay: Supplements Store,Apps-Food & Drink
69,ZAAROZ All in One Delivery App,Apps-Food & Drink
70,FoodBook - Workplace Food,Apps-Food & Drink
71,Meatigo,Apps-Food & Drink
72,Meesho Superstore Partner App,Apps-Food & Drink
73,Chaayos India : Chai & Snacks,Apps-Food & Drink
74,"Winni - Cake, Flowers & Gifts",Apps-Food & Drink
75,GoKhana - Food Court Ordering,Apps-Food & Drink
76,La Milano Pizzeria,Apps-Food & Drink
77,FreshMenu: Food Ordering App,Apps-Food & Drink
78,Qmin by TATA Digital Limited,Apps-Food & Drink
79,10000+ Tasty Hindi Recipes,Apps-Food & Drink
80,eStore Customers App,Apps-Food & Drink
81,DoorDash,Apps-Food & Drink
82,Lynk Book a truck,Apps-Food & Drink
83,Fipola,Apps-Food & Drink
84,Chowman Food Order & Delivery,Apps-Food & Drink
85,UrbanKisaan,Apps-Food & Drink
86,Pesito - Kerala's Own Delivery,Apps-Food & Drink
87,Lulu Shopping,Apps-Food & Drink
88,Azgo,Apps-Food & Drink
89,Paradise Biryani Order Online,Apps-Food & Drink
90,Apna Mart - Grocery Delivery,Apps-Food & Drink
91,Chai Point,Apps-Food & Drink
92,Order Food in Trains,Apps-Food & Drink
93,Potafo Delivery App,Apps-Food & Drink
94,Tasty,Apps-Food & Drink
95,JioMart Express Official,Apps-Food & Drink
96,MAF Carrefour,Apps-Food & Drink
97,Menu.am: Food Delivery Armenia,Apps-Food & Drink
98,McDelivery India – North&East,Apps-Food & Drink
99,Jalongi : Fresh Fish & Seafood,Apps-Food & Drink
100,wondermart,Apps-Food & Drink
1,Google Photos,Apps-Graphic & Design
2,Samsung Gallery,Apps-Graphic & Design
3,OnePlus Gallery,Apps-Graphic & Design
4,Gallery,Apps-Graphic & Design
5,AI Gallery,Apps-Graphic & Design
6,Canva,Apps-Graphic & Design
7,Autodesk SketchBook,Apps-Graphic & Design
8,Crafto,Apps-Graphic & Design
11,Simple Gallery - Photo Albums,Apps-Graphic & Design
12,QuickPic,Apps-Graphic & Design
13,Simple Gallery Pro,Apps-Graphic & Design
14,A+ Gallery,Apps-Graphic & Design
15,"Gallery - photo gallery, album",Apps-Graphic & Design
16,ibisPaint,Apps-Graphic & Design
17,DWG FastView,Apps-Graphic & Design
18,Vertical Gallery,Apps-Graphic & Design
22,Piktures,Apps-Graphic & Design
23,Motorola Gallery,Apps-Graphic & Design
24,"Photo Gallery - Album, Vault",Apps-Graphic & Design
25,Floor Plan Creator,Apps-Graphic & Design
26,Adobe Express: Graphic Design,Apps-Graphic & Design
27,PENUP,Apps-Graphic & Design
29,1Gallery:Photo Gallery & Vault,Apps-Graphic & Design
30,Photos Gallery & Video Player,Apps-Graphic & Design
31,F-Stop Media Gallery Key,Apps-Graphic & Design
32,Poster Maker Flyer Maker,Apps-Graphic & Design
33,Invitation Card Maker Studio,Apps-Graphic & Design
34,Banner Maker,Apps-Graphic & Design
36,Wonder - AI Art Generator,Apps-Graphic & Design
37,Gallery by Coloring Games and Coloring Book for Adults,Apps-Graphic & Design
40,FOTO Gallery,Apps-Graphic & Design
41,Quickpic Gallery : Photos and,Apps-Graphic & Design
42,Gallery Photos,Apps-Graphic & Design
43,Behance,Apps-Graphic & Design
44,"Kriadl: Flyer & Logo, Design",Apps-Graphic & Design
45,Glitter dress coloring and drawing book,Apps-Graphic & Design
46,"Poster maker, Flyer banner ads",Apps-Graphic & Design
47,Logo Maker : Logo Creator,Apps-Graphic & Design
48,Smart Gallery - Photo Manager,Apps-Graphic & Design
49,HD Gallery - Photo and Video,Apps-Graphic & Design
50,HD Photo Gallery,Apps-Graphic & Design
51,Profile download for Instagram,Apps-Graphic & Design
52,Downloader Master,Apps-Graphic & Design
53,HD Gallery Photo & Video,Apps-Graphic & Design
54,Gallery -Photos & Videos,Apps-Graphic & Design
55,Drawing Grid For The Artist,Apps-Graphic & Design
56,Photo gallery - HD gallery,Apps-Graphic & Design
57,Gallery KK,Apps-Graphic & Design
58,"Good morning, love images",Apps-Graphic & Design
59,Gallery- Photo Album & Gallery,Apps-Graphic & Design
60,Paint and Draw,Apps-Graphic & Design
61,Dream by WOMBO,Apps-Graphic & Design
62,Photo Gallery by Qset,Apps-Graphic & Design
63,Digital Banner Festival Poster,Apps-Graphic & Design
64,Infinite Painter,Apps-Graphic & Design
65,Photo Sketch Maker,Apps-Graphic & Design
66,HD Photo & Video Gallery,Apps-Graphic & Design
67,PicsArt Color Paint,Apps-Graphic & Design
68,Photos & Videos Gallery,Apps-Graphic & Design
69,VistaPrint India,Apps-Graphic & Design
70,Poster Maker Canvas photo edit,Apps-Graphic & Design
72,Amazon Photos,Apps-Graphic & Design
73,Photo Gallery & Album,Apps-Graphic & Design
76,Mehndi Designs Offline,Apps-Graphic & Design
77,Logo Maker : Graphic Design,Apps-Graphic & Design
78,Gallery Latest 2023,Apps-Graphic & Design
79,Gallery - HD Video & Photos,Apps-Graphic & Design
80,Video Invitation Maker App,Apps-Graphic & Design
81,Drawing Desk,Apps-Graphic & Design
82,Gallery- Photo Gallery & Album,Apps-Graphic & Design
83,PaperColor,Apps-Graphic & Design
84,Simple Draw,Apps-Graphic & Design
85,Gallery by TVK Gallery,Apps-Graphic & Design
86,Gallery - Photo Gallery Album,Apps-Graphic & Design
87,Gallery: Photo Album Organizer,Apps-Graphic & Design
88,Business Card Maker,Apps-Graphic & Design
89,Gallery - Photo Gallery,Apps-Graphic & Design
90,Mehndi Design 2023,Apps-Graphic & Design
91,Paint,Apps-Graphic & Design
92,Invitation maker & Card Design,Apps-Graphic & Design
93,Sand Draw Creative Art Drawing,Apps-Graphic & Design
94,HD Gallery - Photo Video,Apps-Graphic & Design
95,Logo Esport Maker,Apps-Graphic & Design
97,Simple : HD Gallery,Apps-Graphic & Design
98,Ultimate Business Card Maker,Apps-Graphic & Design
99,Poster Maker - Banner Maker,Apps-Graphic & Design
1,Aarogya Setu,Apps-Health and Fitness
2,1 mg,Apps-Health and Fitness
3,Google Fit,Apps-Health and Fitness
4,Samsung Health,Apps-Health and Fitness
5,Apollo 247,Apps-Health and Fitness
6,NoiseFit,Apps-Health and Fitness
7,Da Fit,Apps-Health and Fitness
8,Netmeds,Apps-Health and Fitness
9,Smart Tutor for SAMSUNG Mobile,Apps-Health and Fitness
10,Mi Fit,Apps-Health and Fitness
11,HealthifyMe,Apps-Health and Fitness
12,Huawei Health,Apps-Health and Fitness
13,FitPro,Apps-Health and Fitness
14,Practo,Apps-Health and Fitness
15,Flipkart Healthplus,Apps-Health and Fitness
16,Home Workout - No Equipments,Apps-Health and Fitness
17,StepSetGo,Apps-Health and Fitness
18,MediBuddy,Apps-Health and Fitness
19,Zepp,Apps-Health and Fitness
20,Step Counter,Apps-Health and Fitness
21,Strava Running and Cycling,Apps-Health and Fitness
22,boAt ProGear,Apps-Health and Fitness
23,Step Tracker by Leap Fitness Group,Apps-Health and Fitness
24,Poshan Tracker,Apps-Health and Fitness
25,ABISHKKING Period Calendar,Apps-Health and Fitness
26,cure.fit,Apps-Health and Fitness
27,Co-WIN Vaccinator App,Apps-Health and Fitness
28,Boat Wave,Apps-Health and Fitness
29,Fitbit,Apps-Health and Fitness
30,Lose Weight App for Men,Apps-Health and Fitness
31,Sadhguru,Apps-Health and Fitness
32,Dr Lal Pathlabs,Apps-Health and Fitness
33,6 Pack Abs in 30 Days,Apps-Health and Fitness
34,Age Calculator: Date of Birth,Apps-Health and Fitness
35,Blood Pressure Tracker,Apps-Health and Fitness
36,Eka Care,Apps-Health and Fitness
37,Ayushman Bharat (PM-JAY),Apps-Health and Fitness
38,Flo Period & Ovulation Tracker,Apps-Health and Fitness
39,Blood Pressure: Heart Health,Apps-Health and Fitness
40,Boat Wearables,Apps-Health and Fitness
41,Blood Pressure App,Apps-Health and Fitness
42,Blood Pressure App by Tresor Tech,Apps-Health and Fitness
43,Healthians - Body Checkup,Apps-Health and Fitness
44,BeatO SMART Diabetes Management,Apps-Health and Fitness
45,Sweatcoin,Apps-Health and Fitness
46,adidas Running,Apps-Health and Fitness
47,Impact - Steps for a cause,Apps-Health and Fitness
48,mfine,Apps-Health and Fitness
49,Pedometer - Steps & Calorie Counter,Apps-Health and Fitness
50,DIZO,Apps-Health and Fitness
51,MyFitnessPal,Apps-Health and Fitness
52,3. Teen Workout & Meal Plan,Apps-Health and Fitness
53,Noisefit Track,Apps-Health and Fitness
54,Pedometer α,Apps-Health and Fitness
55,Medscape,Apps-Health and Fitness
56,GOQii,Apps-Health and Fitness
57,Garmin Connect,Apps-Health and Fitness
58,小米穿戴,Apps-Health and Fitness
59,Niva Bupa Health,Apps-Health and Fitness
60,Phable: Manage BP & Sugar,Apps-Health and Fitness
61,Blood Pressure App by Hitchhike Tech,Apps-Health and Fitness
62,boAt Crest,Apps-Health and Fitness
63,Lucky Step,Apps-Health and Fitness
64,Cureskin,Apps-Health and Fitness
65,Pacer Pedometer,Apps-Health and Fitness
66,ActionDash: Screen Time Helper,Apps-Health and Fitness
67,Loop Habit Tracker,Apps-Health and Fitness
68,FITTR,Apps-Health and Fitness
69,Railways HMIS,Apps-Health and Fitness
70,Paavan - Wellbeing & Self Care,Apps-Health and Fitness
71,Ovulation & Period Tracker,Apps-Health and Fitness
72,Water Reminder - Remind Drink,Apps-Health and Fitness
73,ZEB-FIT 20 Series,Apps-Health and Fitness
74,Clue - Period Tracker,Apps-Health and Fitness
75,Fastrack Reflex,Apps-Health and Fitness
76,Sweat Wallet,Apps-Health and Fitness
77,LG Health,Apps-Health and Fitness
78,Wearfit Pro,Apps-Health and Fitness
79,Step a Lot,Apps-Health and Fitness
80,Docon for Patients,Apps-Health and Fitness
81,Livpure Smart,Apps-Health and Fitness
82,Giant Stopwatch,Apps-Health and Fitness
83,Step Counter - Pedometer,Apps-Health and Fitness
84,JioHealthHub,Apps-Health and Fitness
85,Manipal Hospitals,Apps-Health and Fitness
86,Lose Weight App for Women,Apps-Health and Fitness
87,Twilight,Apps-Health and Fitness
88,Headspace,Apps-Health and Fitness
89,ECHS Beneficiaries App,Apps-Health and Fitness
90,eSanjeevaniOPD - MoHFW (GoI),Apps-Health and Fitness
91,Workout for Women: Fit at Home,Apps-Health and Fitness
92,Jan Aushadhi Sugam,Apps-Health and Fitness
93,Stopwatch Timer,Apps-Health and Fitness
94,Netmeds Wholesale,Apps-Health and Fitness
95,Ayush Kavach - COVID,Apps-Health and Fitness
96,WalkingJoy,Apps-Health and Fitness
97,ABHA,Apps-Health and Fitness
98,Healthmug - Healthcare App,Apps-Health and Fitness
99,Cloudnine,Apps-Health and Fitness
100,Fastrack Reflex World,Apps-Health and Fitness
1,Google Home,Apps-Lifestyle
2,Mi Remote controller,Apps-Lifestyle
3,Realme Link,Apps-Lifestyle
4,AstroSage Kundli,Apps-Lifestyle
5,Samsung Shop,Apps-Lifestyle
6,Google Opinion Rewards,Apps-Lifestyle
7,Amazon Alexa,Apps-Lifestyle
8,UrbanClap,Apps-Lifestyle
9,SmartThings,Apps-Lifestyle
10,KALNIRNAY 2016,Apps-Lifestyle
11,Samsung Global Goals,Apps-Lifestyle
12,Sri Mandir - Your Own Temple,Apps-Lifestyle
13,IndianOil ONE,Apps-Lifestyle
14,Mi Home,Apps-Lifestyle
15,Lokal App,Apps-Lifestyle
16,Hik-Connect,Apps-Lifestyle
17,Hello Bpcl,Apps-Lifestyle
18,Astrotalk Astrology Horoscope,Apps-Lifestyle
19,My DishTV,Apps-Lifestyle
20,Wipro Next Smart Home,Apps-Lifestyle
21,Amazon Fire TV Remote,Apps-Lifestyle
22,Hindi Panchang Calendar,Apps-Lifestyle
23,Pmkisan Goi,Apps-Lifestyle
24,Hilookvision,Apps-Lifestyle
25,Hindi Panchang Calendar 2022- हिंदी पंचांग कैलेंडर,Apps-Lifestyle
26,UP E-Ganna,Apps-Lifestyle
27,LG SmartThinQ,Apps-Lifestyle
28,EZVIZ,Apps-Lifestyle
29,Plantix,Apps-Lifestyle
30,Muslim Pro,Apps-Lifestyle
31,Trell,Apps-Lifestyle
32,2023 Calendar,Apps-Lifestyle
33,V380 Pro,Apps-Lifestyle
34,Hik-Connect - for End User,Apps-Lifestyle
35,Blackbuck Boss,Apps-Lifestyle
36,गाय भैंस Wala पशुमेला - Animall App,Apps-Lifestyle
37,iVMS-4500,Apps-Lifestyle
38,Agrostar: Kisan Agridoctor App,Apps-Lifestyle
39,"Islam360: Quran, Hadith, Qibla",Apps-Lifestyle
40,Shell Go+ India,Apps-Lifestyle
41,Kundli Software: Horoscope,Apps-Lifestyle
42,Kundli - Astrology & Horoscope,Apps-Lifestyle
43,Tp-Link Tapo,Apps-Lifestyle
44,Vidyut Sahayogi,Apps-Lifestyle
45,E-Peek Pahani ई-पीक पाहणी,Apps-Lifestyle
46,Smart Life - Smart Living,Apps-Lifestyle
47,Buywow India,Apps-Lifestyle
48,Krishi Network: Kisan Ka App,Apps-Lifestyle
49,UniMote,Apps-Lifestyle
50,"SurveyHeart: Form, Poll & Quiz",Apps-Lifestyle
51,V380,Apps-Lifestyle
52,Astrology & Horoscope,Apps-Lifestyle
53,Astroyogi: Online Astrology,Apps-Lifestyle
54,WiZ,Apps-Lifestyle
55,Prayer Times .,Apps-Lifestyle
56,"Vahak: Book Online Truck, Load",Apps-Lifestyle
57,Bharatagri,Apps-Lifestyle
58,SuperLive,Apps-Lifestyle
59,"RELIPAY - AEPS, MATM, DMT, etc",Apps-Lifestyle
60,Dmss,Apps-Lifestyle
61,Remote Control For Tata Sky,Apps-Lifestyle
62,eWeLink,Apps-Lifestyle
63,Remote Control For All Tv,Apps-Lifestyle
64,India Kerala Lottery,Apps-Lifestyle
65,Nawgati (CNG Eco Connect),Apps-Lifestyle
66,Alfred Home Security Camera,Apps-Lifestyle
67,Haritima Amrit Van,Apps-Lifestyle
68,Go Daily,Apps-Lifestyle
69,Salatuk,Apps-Lifestyle
70,Facebook Viewpoints,Apps-Lifestyle
71,Kerala Lottery,Apps-Lifestyle
72,Athan: Prayer Times & Al Quran,Apps-Lifestyle
73,Remote Ac Universal,Apps-Lifestyle
74,Panasonic MirAIe,Apps-Lifestyle
75,Kundli in Hindi : Janm Kundali,Apps-Lifestyle
76,LeChange,Apps-Lifestyle
77,Tirupati Online Booking (TTD),Apps-Lifestyle
78,Sikh World,Apps-Lifestyle
79,JCB Wala Game | Train Station,Apps-Lifestyle
80,VMuslim,Apps-Lifestyle
81,AstroGuru: Astrology+Palmistry,Apps-Lifestyle
82,cMOB-20,Apps-Lifestyle
83,Varta Astrology,Apps-Lifestyle
84,Kerala Lottery Results,Apps-Lifestyle
85,आवास योजना सूची-PM Awas Yojana,Apps-Lifestyle
86,E-Peek Pahani,Apps-Lifestyle
87,Meetup,Apps-Lifestyle
88,Ramswaroop Ramnarayan Calendar,Apps-Lifestyle
89,Yara FarmCare : A Farming App,Apps-Lifestyle
90,Siddhivinayak Temple,Apps-Lifestyle
91,Metro Digital Card,Apps-Lifestyle
92,WINDS - The Patron App,Apps-Lifestyle
93,"Duff Qibla Finder, Ramadan",Apps-Lifestyle
94,T-Cast Magiconnect Tcl Remote,Apps-Lifestyle
95,Furlenco,Apps-Lifestyle
96,"Plant-X, Plant Identification",Apps-Lifestyle
97,Qubo,Apps-Lifestyle
98,WedMeGood,Apps-Lifestyle
99,Astroscience - Gurudev Vashist,Apps-Lifestyle
100,प्रधानमंत्री आवास योजना 2022,Apps-Lifestyle
1,Dailyhunt,Apps-News and Magazines
2,Google News,Apps-News and Magazines
3,Hindi News by Dainik Bhaskar,Apps-News and Magazines
4,Inshorts,Apps-News and Magazines
5,AajTak,Apps-News and Magazines
6,PublicVibe,Apps-News and Magazines
7,Times of India,Apps-News and Magazines
8,Briefing,Apps-News and Magazines
9,NewsPoint,Apps-News and Magazines
10,The Economic Times,Apps-News and Magazines
11,Way2,Apps-News and Magazines
12,Hindi News Dainik Jagran,Apps-News and Magazines
13,Amar Ujala Hindi News,Apps-News and Magazines
14,JioXpressNews,Apps-News and Magazines
15,Opera News,Apps-News and Magazines
16,The Hindu,Apps-News and Magazines
17,Divya Bhaskar,Apps-News and Magazines
18,Mint,Apps-News and Magazines
19,NDTV,Apps-News and Magazines
20,ABP LIVE News,Apps-News and Magazines
21,Zee News Live,Apps-News and Magazines
22,Circle: Indian App for Local U,Apps-News and Magazines
23,Narendra Modi,Apps-News and Magazines
24,BBC News,Apps-News and Magazines
25,Hindustan,Apps-News and Magazines
26,NewsOnAir: Prasar Bharati Offi,Apps-News and Magazines
27,NDTV India,Apps-News and Magazines
28,Scooper News: Trending& Viral,Apps-News and Magazines
29,Flipboard,Apps-News and Magazines
30,BBC News Hindi,Apps-News and Magazines
31,Indian Express News,Apps-News and Magazines
32,Pocket,Apps-News and Magazines
33,Navbharat Times,Apps-News and Magazines
34,WION News - World News Live,Apps-News and Magazines
35,Hindustan Times,Apps-News and Magazines
36,Republic TV,Apps-News and Magazines
37,Prabhat Khabar,Apps-News and Magazines
38,India TV:Hindi News Live App,Apps-News and Magazines
39,Malayala Manorama News App,Apps-News and Magazines
40,Rajasthan Patrika Hindi News,Apps-News and Magazines
41,MSN News,Apps-News and Magazines
42,Magzter,Apps-News and Magazines
43,Vikatan: Tamil News & Magazine,Apps-News and Magazines
44,Maharashtra Times,Apps-News and Magazines
45,The Lallantop - Hindi News App,Apps-News and Magazines
46,CNN News,Apps-News and Magazines
47,Dinamalar,Apps-News and Magazines
48,Bhilwara Halchal - A Group Off,Apps-News and Magazines
49,Speedy Study & Current Affairs,Apps-News and Magazines
50,Pluto: Buzz News & Rewards,Apps-News and Magazines
51,India Today,Apps-News and Magazines
52,Speedy Current Affairs 2023,Apps-News and Magazines
53,Eenadu News - Official App,Apps-News and Magazines
54,Apna Neemuch,Apps-News and Magazines
55,Thanthi News 24x7 (Official),Apps-News and Magazines
56,Bloomberg,Apps-News and Magazines
57,businessline,Apps-News and Magazines
58,Financial Times,Apps-News and Magazines
59,Aadhan,Apps-News and Magazines
60,Loksatta Marathi News + Epaper,Apps-News and Magazines
61,NYTimes,Apps-News and Magazines
62,NaiDunia Hindi News & Epaper,Apps-News and Magazines
63,AOL,Apps-News and Magazines
64,Editorji - Latest Video news,Apps-News and Magazines
65,Current Affairs & GK App 2022,Apps-News and Magazines
66,News18,Apps-News and Magazines
67,DailyBrief - News that matters,Apps-News and Magazines
68,Breaking News - Local&Breaking,Apps-News and Magazines
69,"CNBCTV18 Business, Market News",Apps-News and Magazines
70,Feedly,Apps-News and Magazines
71,Aj Alpha,Apps-News and Magazines
72,Bartaman Patrika,Apps-News and Magazines
73,Pulse by Zerodha,Apps-News and Magazines
74,Hindi News Live TV - Live News,Apps-News and Magazines
75,Business Standard: News+Stocks,Apps-News and Magazines
76,The Hindu Epa,Apps-News and Magazines
77,The Guardian,Apps-News and Magazines
78,DD News,Apps-News and Magazines
79,Divya Marathi: News & ePaper,Apps-News and Magazines
80,DeccanChronicle ePaper,Apps-News and Magazines
81,ANI News,Apps-News and Magazines
82,Times Now News,Apps-News and Magazines
83,Ei Samay,Apps-News and Magazines
84,News Suite by Sony,Apps-News and Magazines
85,Gadgets 360,Apps-News and Magazines
86,Polimer News,Apps-News and Magazines
87,RT News,Apps-News and Magazines
88,Lokmat News & Epaper App,Apps-News and Magazines
89,YouGov,Apps-News and Magazines
90,Gujarat Samachar,Apps-News and Magazines
91,Hindi News,Apps-News and Magazines
92,PublicNext - News,Apps-News and Magazines
93,E News Paper हिंदी समाचार पत्र,Apps-News and Magazines
94,"Haryana, Chattisgarh, MP, Hary",Apps-News and Magazines
95,Sant Nirankari Mission,Apps-News and Magazines
96,Knappily,Apps-News and Magazines
97,Press Information Bureau,Apps-News and Magazines
98,The Economist,Apps-News and Magazines
99,Sandesh Epaper,Apps-News and Magazines
100,Kannada News,Apps-News and Magazines
1,PicsArt Photo & Video Editor,Apps-Photo and Video
2,InShot,Apps-Photo and Video
3,Snapseed,Apps-Photo and Video
4,KineMaster,Apps-Photo and Video
5,Snack Video Maker App with Song,Apps-Photo and Video
6,VlogNow,Apps-Photo and Video
7,Adobe Lightroom,Apps-Photo and Video
8,B612,Apps-Photo and Video
9,Noizz,Apps-Photo and Video
10,Vido,Apps-Photo and Video
11,Remini,Apps-Photo and Video
12,Moto Camera 3,Apps-Photo and Video
13,PixelLab,Apps-Photo and Video
14,VITA,Apps-Photo and Video
15,FaceApp,Apps-Photo and Video
16,Viamaker,Apps-Photo and Video
17,Google Camera,Apps-Photo and Video
18,Pdf Scanner & Cam Scanner,Apps-Photo and Video
19,Screen Recorder & Video Recorder,Apps-Photo and Video
20,Soloop,Apps-Photo and Video
21,Moto Camera 2,Apps-Photo and Video
22,YouCut,Apps-Photo and Video
23,Collage Maker - Photo Editor & Photo Collage,Apps-Photo and Video
24,BeautyPlus,Apps-Photo and Video
25,EPIK,Apps-Photo and Video
26,Photo Editor - Fotolr,Apps-Photo and Video
27,Beauty Sweet,Apps-Photo and Video
28,Mivita,Apps-Photo and Video
29,MBit Music,Apps-Photo and Video
30,Mivo - Music Video Maker,Apps-Photo and Video
31,Biugo,Apps-Photo and Video
32,iFace: AI Cartoon Photo Editor,Apps-Photo and Video
33,Open Camera,Apps-Photo and Video
34,VidStatus app,Apps-Photo and Video
35,MVBit,Apps-Photo and Video
36,Beat.ly,Apps-Photo and Video
37,Photo & Picture Resizer,Apps-Photo and Video
38,YouCam Perfect,Apps-Photo and Video
39,Vidma Recorder,Apps-Photo and Video
40,Camera,Apps-Photo and Video
41,Pho.to Lab,Apps-Photo and Video
42,Background Eraser,Apps-Photo and Video
43,Lyrical.ly,Apps-Photo and Video
44,Photo Collage Maker by Snapcial,Apps-Photo and Video
45,Video to MP3 Converter,Apps-Photo and Video
46,Moto Camera,Apps-Photo and Video
47,Video Maker of Photos with Music & video editor,Apps-Photo and Video
48,Boo,Apps-Photo and Video
49,Alight Motion,Apps-Photo and Video
50,AZ Screen Recorder,Apps-Photo and Video
51,Adobe Photoshop Express,Apps-Photo and Video
52,PowerDirector,Apps-Photo and Video
53,VideoShow: Video Editor &Maker,Apps-Photo and Video
54,PickU,Apps-Photo and Video
55,Timestamp Camera,Apps-Photo and Video
56,Compress Image Size In Kb & Mb,Apps-Photo and Video
57,NoteCam Lite - GPS memo camera,Apps-Photo and Video
58,CapCut,Apps-Photo and Video
59,Video Maker by InShot Inc,Apps-Photo and Video
60,TikiCam: Beauty Camera,Apps-Photo and Video
61,PhotoScan by Google,Apps-Photo and Video
62,Canon Camera Connect,Apps-Photo and Video
63,ImageSearchMan - Image Search,Apps-Photo and Video
64,Motorola Camera,Apps-Photo and Video
65,Beauty Cam -Selfie Editor,Apps-Photo and Video
66,remove.bg – Remove Image Background Automatically,Apps-Photo and Video
67,FilmoraGo,Apps-Photo and Video
68,BroChill,Apps-Photo and Video
69,MP3 Video Converter by Springwalk,Apps-Photo and Video
70,dev.macgyver Photo Editor,Apps-Photo and Video
71,Photo Editor Collage Maker,Apps-Photo and Video
72,Pixlr,Apps-Photo and Video
73,Collage Maker - photo collage & photo editor,Apps-Photo and Video
74,PhotoRoom Studio Photo Editor,Apps-Photo and Video
75,Buzo,Apps-Photo and Video
76,Photo Video Maker by Photo Video Maker With Music Studio,Apps-Photo and Video
77,Photo Video Maker with Music by Photo Video Maker With Music Studio,Apps-Photo and Video
78,Easy Video Cutter,Apps-Photo and Video
79,Festival Poster Maker & Video,Apps-Photo and Video
80,Lyrical Photo Status,Apps-Photo and Video
81,V Recorder,Apps-Photo and Video
82,Music Video Editor - Vidshow(,Apps-Photo and Video
83,ToonMe – Cartoon Photo Editor,Apps-Photo and Video
84,Camera by Ting Studio,Apps-Photo and Video
85,Sweet Snap,Apps-Photo and Video
86,Screen Recorder,Apps-Photo and Video
87,Pretty Makeup,Apps-Photo and Video
88,background video recorder,Apps-Photo and Video
89,WhatsCrop,Apps-Photo and Video
91,Video Maker & Photo Music,Apps-Photo and Video
92,Gallery by TCL,Apps-Photo and Video
93,NeonArt Photo Editor,Apps-Photo and Video
94,Luminate: AI Photo Enhancer,Apps-Photo and Video
95,AndroVid Video Editor,Apps-Photo and Video
96,Square Fit - Blur Photo Editor,Apps-Photo and Video
97,"Beauty Camera -Selfie, Sticker",Apps-Photo and Video
98,Lyrical Video Maker App: Moito,Apps-Photo and Video
99,Video Compressor &Video Cutter,Apps-Photo and Video
100,Video Compressor Panda Resizer,Apps-Photo and Video
1,MyGate,Apps-Real Estate
2,NoBroker House For Rent,Apps-Real Estate
3,MagicBricks,Apps-Real Estate
4,Housing,Apps-Real Estate
5,99acres,Apps-Real Estate
6,NoBrokerHood,Apps-Real Estate
7,ADDA,Apps-Real Estate
8,Kolo - Home Design & Interiors,Apps-Real Estate
9,Apartment App - ApnaComplex,Apps-Real Estate
10,TeamLease,Apps-Real Estate
11,BanglarBhumi -বাংলার ভূমি তথ্য,Apps-Real Estate
12,eSampada,Apps-Real Estate
13,RentoMojo: Products On Rent,Apps-Real Estate
14,Nestaway,Apps-Real Estate
15,Zolo Coliving App: Managed PG,Apps-Real Estate
16,Sulekha: Hire Local Experts,Apps-Real Estate
17,Utec - Home Building Solutions,Apps-Real Estate
18,BanglarBhumi : WB বাংলার ভুমি,Apps-Real Estate
19,Landreport.in - 7/12 Nakasha,Apps-Real Estate
20,IndexTap,Apps-Real Estate
21,Zillow: Houses For Sale & Rent,Apps-Real Estate
22,Trulia Real Estate: Search Homes For Sale & Rent,Apps-Real Estate
23,iCondo,Apps-Real Estate
24,Cityfurnish - Rent Furniture,Apps-Real Estate
25,Real Estate by Redfin,Apps-Real Estate
26,Hogangnono,Apps-Real Estate
27,Apartment List,Apps-Real Estate
28,Rightmove Property Search,Apps-Real Estate
29,realestate.com.au,Apps-Real Estate
30,Landeed: Digital Property Docs,Apps-Real Estate
31,TownSq,Apps-Real Estate
32,Bihar Bhulekh (Land Records),Apps-Real Estate
33,99.co,Apps-Real Estate
34,Zillow Rentals,Apps-Real Estate
35,rmResident,Apps-Real Estate
36,Trade Me Property,Apps-Real Estate
37,Resident Portal,Apps-Real Estate
38,Realtor.com,Apps-Real Estate
39,Apartments.com,Apps-Real Estate
40,아파트스토리 - 아파트 앱,Apps-Real Estate
41,Homeonline - Property Search &,Apps-Real Estate
42,네이버 부동산 – Naver Real Estate,Apps-Real Estate
43,Remint Network,Apps-Real Estate
44,Lets Rentz Make it easy,Apps-Real Estate
45,Colive - Branded Serviced Home,Apps-Real Estate
46,SquareYards Indian Real Estate,Apps-Real Estate
47,REALTOR.ca,Apps-Real Estate
48,Dharani - Telangana Land Recor,Apps-Real Estate
49,SpareRoom,Apps-Real Estate
50,Rental Property Manager - (Ke,Apps-Real Estate
51,Roomster,Apps-Real Estate
52,Domain Real Estate and Property,Apps-Real Estate
53,BanglarBhumi WB-JOMIR TOTHYA,Apps-Real Estate
54,"Find FlatMates, Rent Rooms/Fla",Apps-Real Estate
55,PropertyGuru Singapore,Apps-Real Estate
56,Zoopla,Apps-Real Estate
57,Real Estate in Canada by Zolo,Apps-Real Estate
58,ActiveBuilding,Apps-Real Estate
59,Dubai REST,Apps-Real Estate
60,WG-Gesucht.de,Apps-Real Estate
61,Matterport Capture,Apps-Real Estate
62,RENTCafe Resident,Apps-Real Estate
63,UnitechAmicus,Apps-Real Estate
64,Bayut,Apps-Real Estate
65,Nuvo Nirmaan,Apps-Real Estate
66,immowelt.de,Apps-Real Estate
67,Property Finder,Apps-Real Estate
68,Trovit Homes,Apps-Real Estate
69,3D house plan designs,Apps-Real Estate
70,Badi,Apps-Real Estate
71,Mitula Homes,Apps-Real Estate
72,Zigbang,Apps-Real Estate
73,Vasthu Plan,Apps-Real Estate
74,"Ghar Book: Buy, Rent & Sell",Apps-Real Estate
75,Real Estate Property,Apps-Real Estate
76,Landlordy Property Management,Apps-Real Estate
77,"Home for Rent, Home for Sale",Apps-Real Estate
78,Flatmates,Apps-Real Estate
79,HouseSigma Real Estate & MLS,Apps-Real Estate
80,ImmoScout24,Apps-Real Estate
81,Compass Real Estate,Apps-Real Estate
82,"No Broker - Buy, Sell or Rent",Apps-Real Estate
83,Nestoria Property,Apps-Real Estate
84,Rent House Service,Apps-Real Estate
85,Циан,Apps-Real Estate
86,Room For Rent | Flatshare,Apps-Real Estate
87,Ohmyhome,Apps-Real Estate
88,Rental Agreement Maker,Apps-Real Estate
89,Student.com: Find your home,Apps-Real Estate
90,Virtual Land Metaverse,Apps-Real Estate
91,Rentals.Ca,Apps-Real Estate
92,Latest Modern Home Designs,Apps-Real Estate
93,Zameen,Apps-Real Estate
94,uhomes - Your homes,Apps-Real Estate
95,funda,Apps-Real Estate
96,아파트 실거래가,Apps-Real Estate
97,Realestate,Apps-Real Estate
98,Online Portal,Apps-Real Estate
99,Krisha.kz — Недвижимость,Apps-Real Estate
100,The Regrid Property App,Apps-Real Estate
1,Amazon,Apps-Shopping
2,Flipkart,Apps-Shopping
3,Meesho,Apps-Shopping
4,Myntra,Apps-Shopping
5,AJIO Shopping App,Apps-Shopping
6,OLX,Apps-Shopping
7,Shopsy,Apps-Shopping
8,JioMart,Apps-Shopping
9,Snapdeal,Apps-Shopping
10,Realme Store,Apps-Shopping
11,Tata CLiQ,Apps-Shopping
12,FirstCry,Apps-Shopping
13,Mi Store,Apps-Shopping
14,PharmEasy,Apps-Shopping
15,Tata Neu,Apps-Shopping
16,Nykaa,Apps-Shopping
17,Lenskart,Apps-Shopping
18,Nykaa Fashion,Apps-Shopping
19,Shopee,Apps-Shopping
20,Simpl Pay Later,Apps-Shopping
21,Decathlon Shopping App,Apps-Shopping
22,CashKaro,Apps-Shopping
23,Lazypay,Apps-Shopping
24,Cashify,Apps-Shopping
25,OnePlus Store,Apps-Shopping
26,Purplle,Apps-Shopping
27,Bewakoof,Apps-Shopping
28,postpe,Apps-Shopping
29,Urbanic,Apps-Shopping
30,LimeRoad,Apps-Shopping
31,Limeroa,Apps-Shopping
32,MagicPin,Apps-Shopping
33,Zivame,Apps-Shopping
34,simsim,Apps-Shopping
35,Max Fashion India,Apps-Shopping
36,OPPO Store,Apps-Shopping
37,Pepperfry,Apps-Shopping
38,ShopClues,Apps-Shopping
39,Mamaearth,Apps-Shopping
40,Kissht,Apps-Shopping
41,Smytten,Apps-Shopping
42,The Souled Store,Apps-Shopping
43,Alibaba.com,Apps-Shopping
44,Tata CLiQ Luxury,Apps-Shopping
45,Snapmint,Apps-Shopping
46,Lifestyle India,Apps-Shopping
47,H&M,Apps-Shopping
48,Price History: Track and save!,Apps-Shopping
49,Truemeds - Online Medicine App,Apps-Shopping
50,Reliance Digital Online Shoppi,Apps-Shopping
51,adidas,Apps-Shopping
52,Vestige Shopping App,Apps-Shopping
53,Nykaa Man-Mens Grooming Store,Apps-Shopping
54,Udaan,Apps-Shopping
55,Shoppers Stop Fashion Shopping,Apps-Shopping
56,Ikea,Apps-Shopping
57,Jiomart Partner Your Partner In Business Growth,Apps-Shopping
58,Myglamm,Apps-Shopping
59,Clovia App,Apps-Shopping
60,Quikr,Apps-Shopping
61,PAYBACK Mobile,Apps-Shopping
62,MedPlus Mart,Apps-Shopping
63,ZARA,Apps-Shopping
64,Home Centre India,Apps-Shopping
65,RCM Business Official App,Apps-Shopping
66,Best Price,Apps-Shopping
67,eBay,Apps-Shopping
68,"FNP: Gifts, Flowers, Cakes App",Apps-Shopping
69,91mobiles,Apps-Shopping
70,Tanishq (A TATA Product),Apps-Shopping
71,HealthKart: Fitness for All,Apps-Shopping
72,Nearbuy by Groupon,Apps-Shopping
73,CoutLoot,Apps-Shopping
74,Giva,Apps-Shopping
75,Smartprix,Apps-Shopping
76,Freo Pay - Pay Later App,Apps-Shopping
77,Ajio Business,Apps-Shopping
78,Banggood,Apps-Shopping
79,Earneasy,Apps-Shopping
80,Fleek-Buy & Track Subscription,Apps-Shopping
81,GoMechanic Spares - Car Parts,Apps-Shopping
82,UNIQLO IN,Apps-Shopping
83,Oriana.com by GRT Jewellers |,Apps-Shopping
84,CaratLane - A Tanishq Partners,Apps-Shopping
85,Amazon Business - India,Apps-Shopping
86,Paytm Mall,Apps-Shopping
87,AliExpress,Apps-Shopping
88,Nike,Apps-Shopping
89,Wish,Apps-Shopping
90,Eureka Forbes,Apps-Shopping
91,Industrybuying Online Shopping,Apps-Shopping
92,SUGAR Cosmetics,Apps-Shopping
93,boAt,Apps-Shopping
94,Pantaloons,Apps-Shopping
95,My Forever India,Apps-Shopping
96,Cilory,Apps-Shopping
97,MyASUS,Apps-Shopping
98,M&S India,Apps-Shopping
99,Anar Business App - B2B Trade,Apps-Shopping
100,Puma,Apps-Shopping
1,WhatsApp Messenger,Apps-Social media
2,Facebook,Apps-Social media
3,Instagram,Apps-Social media
4,Facebook Messenger,Apps-Social media
5,Google Messenger,Apps-Social media
6,Telegram,Apps-Social media
7,Contacts by Google,Apps-Social media
8,Phone by Google,Apps-Social media
9,Snapchat,Apps-Social media
10,Google Duo,Apps-Social media
11,ShareChat,Apps-Social media
12,Twitter,Apps-Social media
13,Pinterest,Apps-Social media
14,imo,Apps-Social media
15,Kutumb,Apps-Social media
16,Quora,Apps-Social media
17,Reddit,Apps-Social media
18,Discord,Apps-Social media
19,Koo,Apps-Social media
20,BOTIM,Apps-Social media
21,Skype,Apps-Social media
22,Tinder,Apps-Social media
23,Signal Private Messenger,Apps-Social media
24,SMS Organizer,Apps-Social media
25,Bumble App,Apps-Social media
26,Hangouts,Apps-Social media
27,Shaadi.com,Apps-Social media
28,Jio4GVoice,Apps-Social media
29,Jeevansathi,Apps-Social media
30,Jiojoin - Calls Over Jiofiber,Apps-Social media
31,Multi Space,Apps-Social media
32,Live Talk,Apps-Social media
33,IndyCall,Apps-Social media
34,OnePlus Community,Apps-Social media
35,XClub,Apps-Social media
36,XCall,Apps-Social media
37,Jio Chat,Apps-Social media
38,True Phone Dialer & Contacts,Apps-Social media
39,AbTalk Call,Apps-Social media
40,Helo - Share Your Life,Apps-Social media
41,Clubhouse:Audio Chat,Apps-Social media
42,Plus Messenger,Apps-Social media
43,BharatMatrimony,Apps-Social media
44,Medium,Apps-Social media
45,Xiaomi Community,Apps-Social media
46,Viber,Apps-Social media
47,Memechat,Apps-Social media
48,Click to chat,Apps-Social media
49,Grindr,Apps-Social media
50,happn,Apps-Social media
51,Yalla,Apps-Social media
52,Chamet,Apps-Social media
53,LINE,Apps-Social media
54,Glamour – Live calling anytime,Apps-Social media
55,Blued,Apps-Social media
56,Aisle,Apps-Social media
57,QuackQuack,Apps-Social media
58,9GAG,Apps-Social media
59,Followers & Unfollowers,Apps-Social media
60,FreeCall,Apps-Social media
61,Livmet,Apps-Social media
62,Hinge,Apps-Social media
63,Tumblr,Apps-Social media
64,BoloJi Pro,Apps-Social media
65,Whats Tracker,Apps-Social media
66,TextNow,Apps-Social media
67,Omega–Live Random Video Chat,Apps-Social media
68,NGL,Apps-Social media
69,Single Girl,Apps-Social media
70,EasyTalk,Apps-Social media
71,BlissU,Apps-Social media
72,Sandes,Apps-Social media
73,YoYo,Apps-Social media
74,Azar,Apps-Social media
75,TamilMatrimony,Apps-Social media
76,OkCupid Dating,Apps-Social media
77,TrulyMadly,Apps-Social media
78,Bela,Apps-Social media
79,Passion - Video online,Apps-Social media
80,Boost for reddit,Apps-Social media
81,Blossom – Fun chat anytime,Apps-Social media
82,XChat,Apps-Social media
83,BoloHi,Apps-Social media
84,Followers - Unfollowers,Apps-Social media
85,Kik Messenger,Apps-Social media
86,Sangam.Com,Apps-Social media
87,Bliss Live,Apps-Social media
88,ANY CALL,Apps-Social media
89,Jodii - Marriage App For All,Apps-Social media
90,Call Global,Apps-Social media
91,ZeepLive,Apps-Social media
92,Betterhalf.ai,Apps-Social media
93,WAKA,Apps-Social media
94,Bunny Hub,Apps-Social media
95,iTel Mobile Dialer Express,Apps-Social media
96,Textra SMS,Apps-Social media
97,WhatsDirect - Chat w/o Contact,Apps-Social media
98,SUGO: Lets Chat,Apps-Social media
99,Random Indian Girls Live Video,Apps-Social media
100,True Love Shayari - Love Pyar Ishq All हिंदी शायरी,Apps-Social media
1,Cricbuzz Cricket,Apps-Sports
2,Dream11 Fantasy Sports,Apps-Sports
3,FanCode,Apps-Sports
4,Cricket Exchange,Apps-Sports
5,Cricket Line Guru,Apps-Sports
6,My11Circle,Apps-Sports
7,Live Cricket TV - Watch Live Streaming of Match,Apps-Sports
8,Cricket Scoring App-Cricheroes,Apps-Sports
9,CricInfo,Apps-Sports
10,OnePlus Sports,Apps-Sports
11,Howzat: Fantasy Cricket League,Apps-Sports
12,Onefootball,Apps-Sports
13,FotMob,Apps-Sports
14,IPL,Apps-Sports
15,Cricket Mazza 11 Live Line,Apps-Sports
16,Playo - Sports Community App,Apps-Sports
17,MPL,Apps-Sports
18,SofaScore,Apps-Sports
19,Premier League,Apps-Sports
20,Howzat Fantasy Cricket App,Apps-Sports
21,Live Cricket TV HD,Apps-Sports
22,Betway: Football Odds & Bets,Apps-Sports
23,Live Cricket TV Sports World,Apps-Sports
24,All Football,Apps-Sports
25,Live Ten Sports TV,Apps-Sports
26,Official F1,Apps-Sports
27,ICC Cricket World Cup 2015,Apps-Sports
28,Cricket Live TV Streaming,Apps-Sports
29,MyTeam11: Fantasy Cricket App,Apps-Sports
30,Cricket.com,Apps-Sports
31,Manchester United,Apps-Sports
32,CricLine - Live Scores Line,Apps-Sports
33,DaniData - Sport Data,Apps-Sports
34,Star Sports Pro Kabaddi,Apps-Sports
35,Live Cricket TV: Cricket Score,Apps-Sports
36,Live Cricket TV HD Streaming,Apps-Sports
37,Live Ten Sports,Apps-Sports
38,BCCI,Apps-Sports
39,LiveScore,Apps-Sports
40,Goal Live Scores,Apps-Sports
41,Gamezy: Play Online Games,Apps-Sports
43,GOAL,Apps-Sports
44,Sportskeeda: Football Score,Apps-Sports
45,Live Cricket TV -Watch Matches,Apps-Sports
46,My11Circle App - My11circle Team Prediction & Tips,Apps-Sports
47,NBA,Apps-Sports
49,Live Cricket TV IPL 2023 Tips,Apps-Sports
50,Possible11™ Fantasy Prediction,Apps-Sports
51,Dream Team 11 Original,Apps-Sports
52,Chelsea FC,Apps-Sports
53,FIFA+,Apps-Sports
54,Possible11 Fantasy Sports,Apps-Sports
55,Star Sports One Live Cricket,Apps-Sports
56,The Athletic,Apps-Sports
57,Live Cricket TV HD Tips,Apps-Sports
58,"DD Live TV HD | Sports, News",Apps-Sports
59,Dream Team 11 - Original Team,Apps-Sports
61,Forza Football,Apps-Sports
62,FlashScore,Apps-Sports
63,DD Sports Live,Apps-Sports
65,dream Team 11: Original Tips,Apps-Sports
66,M2 Wear,Apps-Sports
67,A23 Fantasy,Apps-Sports
68,SportsTak: Your MultiSport App,Apps-Sports
69,Team 11 Original Score,Apps-Sports
70,AIScore,Apps-Sports
71,PTV Sports Live Streaming TV,Apps-Sports
72,Fantasy Football Manager by Homemade Apps,Apps-Sports
73,Live Cricket Tv - Live Cricket 2021,Apps-Sports
74,DreamTeam11 - Team for DreamXI,Apps-Sports
75,365Scores,Apps-Sports
76,Cricket Live Line,Apps-Sports
77,Dream Team 11 - Fantasy Cricket & Live score,Apps-Sports
78,Playing 11 Dream Prediction,Apps-Sports
79,Fantasy game guide,Apps-Sports
80,F11Sports - Daily Fantasy Tips,Apps-Sports
81,eFHUB™ 23 - PESHUB,Apps-Sports
82,Live Cricket TV HD Match,Apps-Sports
83,433,Apps-Sports
84,Gtv Live Sports,Apps-Sports
85,HD Live Cricket TV 2022,Apps-Sports
86,ESPN,Apps-Sports
87,Live Sports Cricket HD TV,Apps-Sports
88,Live Cricket TV Matches 2023,Apps-Sports
89,MotoGP,Apps-Sports
90,PerfectLineup - Fantasy Teams,Apps-Sports
91,Live Cricket TV Streaming,Apps-Sports
92,Khelomore,Apps-Sports
94,Cricket Live Score App,Apps-Sports
95,FC Barcelona,Apps-Sports
96,Cric Rocker,Apps-Sports
97,BBC Sport,Apps-Sports
99,Playspots - Book sports venues,Apps-Sports
100,Dream Team - Cricket 11 Live,Apps-Sports
1,Where is my Train,Apps-Travel
2,Ola cabs,Apps-Travel
3,IRCTC Rail Connect,Apps-Travel
4,Uber,Apps-Travel
5,IRCTC Train Booking ixigo,Apps-Travel
6,MakeMyTrip,Apps-Travel
7,Rapido,Apps-Travel
8,ConfirmTkt,Apps-Travel
9,OYO Rooms,Apps-Travel
10,redBus,Apps-Travel
11,UTS,Apps-Travel
12,m Indicator Mumbai,Apps-Travel
13,Goibibo,Apps-Travel
14,Google Earth,Apps-Travel
15,PNR Status & IRCTC Train info,Apps-Travel
16,Booking.com,Apps-Travel
17,NTES,Apps-Travel
18,Chalo - Live Bus Tracking App,Apps-Travel
19,IndiGo,Apps-Travel
20,Airbnb,Apps-Travel
21,Agoda,Apps-Travel
22,Delhi Metro Rail,Apps-Travel
23,Trainman,Apps-Travel
24,"Delhi Metro Navigator - Fare, Route, Map, Offline",Apps-Travel
25,Indian Train Status,Apps-Travel
26,EaseMyTrip,Apps-Travel
27,inDrive,Apps-Travel
28,Cleartrip,Apps-Travel
29,BlaBlaCar,Apps-Travel
30,Flightradar24,Apps-Travel
31,AbhiBus,Apps-Travel
32,ixigo,Apps-Travel
33,Skyscanner,Apps-Travel
34,Rapido Captain- Bike Taxi,Apps-Travel
35,Yatra.com,Apps-Travel
36,Ola Partner,Apps-Travel
37,Google Street View,Apps-Travel
38,Zoomcar,Apps-Travel
39,TripAdvisor,Apps-Travel
40,Train Live Status Booking PNR,Apps-Travel
41,GSRTC,Apps-Travel
42,"Chartr - Tickets, Bus & Metro",Apps-Travel
43,IRCTC AIR,Apps-Travel
44,eRail.in Railways Train Time T,Apps-Travel
45,BluSmart,Apps-Travel
46,Explurger,Apps-Travel
47,trivago,Apps-Travel
48,Live Train : Locate My Train,Apps-Travel
49,Digi Yatra,Apps-Travel
50,Adani One: Experience Goodness,Apps-Travel
51,Delhi Metro Route Map and Fare,Apps-Travel
52,Quick Ride,Apps-Travel
53,Air India,Apps-Travel
54,Wego,Apps-Travel
55,KSRTC AWATAR NEW Mobile App,Apps-Travel
56,Yulu,Apps-Travel
57,Govinda - Tirumala Tirupati De,Apps-Travel
58,Jugnoo Autos,Apps-Travel
59,"Delhi Metro Map,Route, DTC Bus",Apps-Travel
60,Transit Directions by Moovit,Apps-Travel
61,udChalo-Super app for Soldiers,Apps-Travel
62,Vistara,Apps-Travel
63,Red Taxi,Apps-Travel
64,Sealdah Sub Tracking System,Apps-Travel
65,APSRTC,Apps-Travel
66,Ola Electric,Apps-Travel
67,Bounce - Bike & Scooter Rentals,Apps-Travel
68,Travel Union-Train Flight Bus,Apps-Travel
69,Hopper,Apps-Travel
70,Chartered Bus,Apps-Travel
71,TUMMOC: BMTC Ticket & Tracking,Apps-Travel
72,Indian Railway PNR & IRCTC Info,Apps-Travel
73,Train App: IRCTC Auth. Partner,Apps-Travel
74,Apsrtc Live Track,Apps-Travel
75,Namma Metro-BMRCL official app,Apps-Travel
76,Chennai Metro Rail,Apps-Travel
77,RapidGo(Beta),Apps-Travel
78,Marriott Bonvoy,Apps-Travel
79,YATRI - Mumbai Local App.,Apps-Travel
80,Revv,Apps-Travel
81,TSavaari - Official App of Hyd,Apps-Travel
82,IntrCity: Bus Ticket Booking,Apps-Travel
83,Delhi-NCR Metro,Apps-Travel
84,sRide,Apps-Travel
85,Ola Operator,Apps-Travel
86,Mobile IRCTC Ticket Booking,Apps-Travel
87,Hourly Rooms: Hourly Hotel App,Apps-Travel
88,zingbus Book Bus Ticket online,Apps-Travel
89,Kolkata Suburban Trains,Apps-Travel
90,Live Train Status : PNR Status,Apps-Travel
91,SpiceJet,Apps-Travel
92,Namma Yatri,Apps-Travel
93,HappyEasyGo,Apps-Travel
94,Cab Compare - Ola Rapido -BETA,Apps-Travel
95,TNSTC Official App,Apps-Travel
96,VOGO,Apps-Travel
97,MSRTC Mobile Reservation App,Apps-Travel
98,Live Earth Map Live Cam & Satel View,Apps-Travel
99,RSRTC RESERVATION APP,Apps-Travel
100,Chennai Local Train Timetable,Apps-Travel
1,Chrome Browser,Apps-Utility & Productivity
2,Google,Apps-Utility & Productivity
3,Gmail,Apps-Utility & Productivity
4,Google Maps,Apps-Utility & Productivity
5,Truecaller,Apps-Utility & Productivity
6,Google Drive,Apps-Utility & Productivity
7,Google Calendar,Apps-Utility & Productivity
8,MyJio,Apps-Utility & Productivity
9,Hindi Keyboard,Apps-Utility & Productivity
10,Files Go by Google,Apps-Utility & Productivity
11,My Airtel,Apps-Utility & Productivity
12,Samsung TouchWiz Home,Apps-Utility & Productivity
13,Samsung Calculator,Apps-Utility & Productivity
14,Samsung My Files,Apps-Utility & Productivity
15,Calculator,Apps-Utility & Productivity
16,Mi File Manager,Apps-Utility & Productivity
17,vivo浏览器,Apps-Utility & Productivity
18,Google Keep,Apps-Utility & Productivity
19,Google Text-to-speech,Apps-Utility & Productivity
20,Clock by Google,Apps-Utility & Productivity
21,Google Translate,Apps-Utility & Productivity
22,Calculator by Google,Apps-Utility & Productivity
23,Gboard,Apps-Utility & Productivity
24,Mi Drop,Apps-Utility & Productivity
25,Mi Calendar,Apps-Utility & Productivity
26,Samsung Internet Browser,Apps-Utility & Productivity
27,Device Maintenance,Apps-Utility & Productivity
28,My Vodafone IN,Apps-Utility & Productivity
29,Weather - By Xiaomi,Apps-Utility & Productivity
30,Cleaner,Apps-Utility & Productivity
31,Xender,Apps-Utility & Productivity
32,Share Karo India,Apps-Utility & Productivity
33,Samsung Notes,Apps-Utility & Productivity
34,Google One,Apps-Utility & Productivity
35,OneDrive,Apps-Utility & Productivity
36,DigiLocker,Apps-Utility & Productivity
37,Themes,Apps-Utility & Productivity
38,Microsoft Outlook,Apps-Utility & Productivity
39,SHAREit,Apps-Utility & Productivity
40,UC Browser,Apps-Utility & Productivity
41,互传 Vivo官方换机工具,Apps-Utility & Productivity
42,Samsung Voice Recorder,Apps-Utility & Productivity
43,Samsung Members,Apps-Utility & Productivity
44,Oppo Clone Phone,Apps-Utility & Productivity
45,Opera Browser,Apps-Utility & Productivity
46,Opera Mini,Apps-Utility & Productivity
47,DocVault,Apps-Utility & Productivity
48,Brave Browser: Fast AdBlocker,Apps-Utility & Productivity
49,Phone Master–Junk Clean Master,Apps-Utility & Productivity
50,Yahoo Mail,Apps-Utility & Productivity
51,UMANG,Apps-Utility & Productivity
52,ColorNote Notepad Notes,Apps-Utility & Productivity
53,TalkBack,Apps-Utility & Productivity
54,QR & Barcode Scanner,Apps-Utility & Productivity
55,mAadhaar,Apps-Utility & Productivity
56,Calculator Lock,Apps-Utility & Productivity
57,Turbo VPN,Apps-Utility & Productivity
58,Firefox Browser,Apps-Utility & Productivity
59,Secure Folder,Apps-Utility & Productivity
60,Status Downloader for Whatsapp,Apps-Utility & Productivity
61,ZEDGE,Apps-Utility & Productivity
62,Ookla Speedtest,Apps-Utility & Productivity
63,Microsoft Authenticator,Apps-Utility & Productivity
64,Wallpaper by Google,Apps-Utility & Productivity
65,1Dm,Apps-Utility & Productivity
66,Calculator - Basic & Scientifi,Apps-Utility & Productivity
67,Google Authenticator,Apps-Utility & Productivity
68,realme Community,Apps-Utility & Productivity
69,Story saver Video Downloader for Instagram,Apps-Utility & Productivity
70,ZArchiver,Apps-Utility & Productivity
71,Google Go,Apps-Utility & Productivity
72,Device Manager,Apps-Utility & Productivity
73,"POCO Launcher 2.0 - Customize,",Apps-Utility & Productivity
74,AppLock - photo vault,Apps-Utility & Productivity
75,InShare,Apps-Utility & Productivity
76,µTorrent,Apps-Utility & Productivity
77,Automatic Call Recorder,Apps-Utility & Productivity
78,OnePlus Weather,Apps-Utility & Productivity
79,Internet Speed Meter,Apps-Utility & Productivity
80,HideX,Apps-Utility & Productivity
81,Secure VPN,Apps-Utility & Productivity
82,File Manager,Apps-Utility & Productivity
83,SmartCaller-Intelligence Caller,Apps-Utility & Productivity
84,Voter Helpline,Apps-Utility & Productivity
85,Pixel Launcher,Apps-Utility & Productivity
86,Samsung Email,Apps-Utility & Productivity
87,Gcmob,Apps-Utility & Productivity
88,HiOS Launcher 2023 - Fast,Apps-Utility & Productivity
89,Hi Translate - Chat Translator,Apps-Utility & Productivity
90,Hide Pictures,Apps-Utility & Productivity
91,Always On Display,Apps-Utility & Productivity
92,XOS Launcher 2023-Cool Stylish,Apps-Utility & Productivity
93,Story Saver for Instagram Video Downloader Instore,Apps-Utility & Productivity
94,Status Saver App,Apps-Utility & Productivity
95,TeraBox,Apps-Utility & Productivity
96,RAR,Apps-Utility & Productivity
97,Google Hindi Input,Apps-Utility & Productivity
98,Bsnl Selfcare,Apps-Utility & Productivity
99,HP Print Service Plugin,Apps-Utility & Productivity
100,WAMR,Apps-Utility & Productivity