category,app_id,title,score,genre,price,free,currency,developer,installs
automotive,com.google.android.projection.gearhead,Android Auto,4.1779814,Auto & Vehicles,0,True,INR,Google LLC,"1,000,000,000+"
automotive,com.carwale,CarWale: Buy-Sell New/Used Car,4.6235895,Auto & Vehicles,0,True,INR,CarTrade Tech Limited,"5,000,000+"
automotive,gomechanic.retail,GoMechanic Car Services & More,4.3657813,Auto & Vehicles,0,True,INR,"Car Services, Repairs, Auto Spares & Accessories","5,000,000+"
automotive,com.howacarworks,How a Car Works,3.768116,Books & Reference,0,True,INR,Cogniso Limited,"50,000+"
automotive,com.cuvora.carinfo,RTO Vehicle Information App,4.5556927,Maps & Navigation,0,True,INR,Car Info,"10,000,000+"
automotive,mrigapps.andriod.fuelcons,Simply Auto: Car Maintenance &,4.5,Auto & Vehicles,0,True,INR,Mobifolio,"500,000+"
automotive,com.playway.cms2017,Car Mechanic Simulator 21,4.243612,Simulation,0,True,INR,Digital Melody Games,"10,000,000+"
automotive,com.andromo.dev420527.app606734,CAR PROBLEMS AND REPAIRS,4.117647,Auto & Vehicles,0,True,INR,Ephiema,"1,000,000+"
automotive,com.autolauncher.motorcar.free,Car Launcher,4.296943,Auto & Vehicles,0,True,INR,apps lab studio,"1,000,000+"
automotive,com.zenthek.autozen,AutoZen-Car Dashboard&Launcher,4.0,Auto & Vehicles,0,True,INR,ZenThek,"100,000+"
automotive,com.telenav.launcher,VIVID Car Launcher,4.35,Auto & Vehicles,0,True,INR,VIVIDTeam,"50,000+"
automotive,com.futureband.cars,Cars Catalog: all about auto,4.0,Auto & Vehicles,0,True,INR,Future Band Studio,"100,000+"
automotive,air.com.A3dtuning.Tuning3D,3DTuning: Car Game & Simulator,4.0763006,Simulation,0,True,INR,3DTuning,"10,000,000+"
automotive,com.soft24hours.dictionaries.dictionary27,Auto parts. Guide,4.25,Auto & Vehicles,0,True,INR,Anna Voronich,"500,000+"
automotive,br.com.ctncardoso.ctncar,Drivvo - car management,4.576087,Auto & Vehicles,0,True,INR,Drivvo,"1,000,000+"
automotive,com.SGS.DrivingSchoolGames.RealCarParkingSimulator,Car Driving School : Car Games,3.8798666,Strategy,0,True,INR,Spark Game Studios,"50,000,000+"
automotive,com.edictonary.Automotive.Dictionary,Automotive Dictionary,4.285714,Books & Reference,0,True,INR,E-Dictionary,"10,000+"
automotive,com.cardesign.new3dtuning.truckmodifying,"Car Design, 3D Tuning, Modify",3.1792452,Productivity,0,True,INR,Edge Techno,"100,000+"
automotive,com.keyconnect.android,KeyConnect Digital Car Key,3.990196,Auto & Vehicles,0,True,INR,Apponfire,"100,000+"
automotive,com.AutoRepairInvoice,ARI (Auto Repair Software),4.054945,Auto & Vehicles,0,True,INR,uMobCo,"100,000+"
automotive,com.girnarsoft.cardekho,CarDekho: Buy NewCar/Sell Used,4.5414343,Auto & Vehicles,0,True,INR,Girnar Software Pvt. Ltd.,"10,000,000+"
automotive,com.softartstudio.carwebguru,CarWebGuru Car Launcher,3.85,Auto & Vehicles,0,True,INR,SoftArtStudio,"1,000,000+"
automotive,com.autonews.crain,Automotive News,0.0,News & Magazines,0,True,INR,Automotive News,"5,000+"
automotive,com.vehicle.rto.vahan.status.information.register,RTO Vehicle Information,4.431443,Auto & Vehicles,0,True,INR,Vahan Registration Details - Vehicle Owner Details,"50,000,000+"
automotive,com.formacar.android,Formacar 3D Tuning & Ecosystem,3.88,Entertainment,0,True,INR,Formacar FZCO,"1,000,000+"
automotive,com.DominikKotlarEULC,European Luxury Cars,4.428837,Racing,0,True,INR,DMNK Studio,"10,000,000+"
automotive,gomechanic.spares,GoMechanic Spares - Car Parts,3.44317,Auto & Vehicles,0,True,INR,"Car Services, Repairs, Auto Spares & Accessories","1,000,000+"
automotive,org.eobdfacile.android,EOBD Facile: OBD 2 Car Scanner,4.14,Auto & Vehicles,0,True,INR,Outils OBD Facile,"5,000,000+"
automotive,com.zymbia.carpm_mechanic,GaragePro Car OBD2 Scanner,4.0120845,Auto & Vehicles,0,True,INR,CaRPM,"500,000+"
automotive,com.kineapps.mycar,My Car - Car Management,4.242424,Auto & Vehicles,0,True,INR,KineApps Ltd,"100,000+"
books,com.amazon.kindle,Amazon Kindle - eBooks & more,4.603326,Books & Reference,0,True,INR,Amazon Mobile LLC,"100,000,000+"
books,com.google.android.apps.books,Google Play Books & Audiobooks,4.380386,Books & Reference,0,True,INR,Google LLC,"1,000,000,000+"
books,com.obreey.reader,PocketBook reader - any books,4.1316667,Books & Reference,0,True,INR,Pocketbook International SA,"5,000,000+"
books,com.goodreads,Goodreads,3.0314107,Books & Reference,0,True,INR,Goodreads,"10,000,000+"
books,com.spreadsong.freebooks,My Books – Unlimited Library,4.1378555,Books & Reference,0,True,INR,Digital Press Publishing s.r.o.,"1,000,000+"
books,com.audible.application,Audible: Audio Entertainment,4.268293,Books & Reference,0,True,INR,"Audible, Inc","100,000,000+"
books,wp.wattpad,Wattpad - Read & Write Stories,4.4319115,Books & Reference,0,True,INR,Wattpad.com,"100,000,000+"
books,org.readera,ReadEra – book reader pdf epub,4.773826,Books & Reference,0,True,INR,READERA LLC,"10,000,000+"
books,in.banaka.mohit.english.novels.books,Novels & Books English Offline,4.234414,Books & Reference,0,True,INR,Banaka,"1,000,000+"
books,com.ebooksstudio.free.books,Unlimited Books & Audiobooks,4.2699943,Books & Reference,0,True,INR,Books & Audiobooks Studio,"5,000,000+"
books,com.reader.books,eBoox: ePub PDF e-book Reader,4.607527,Books & Reference,0,True,INR,READING APPS,"5,000,000+"
books,com.kobobooks.android,Kobo Books - eBooks Audiobooks,3.985294,Books & Reference,0,True,INR,Kobo Books,"10,000,000+"
books,com.flyersoft.moonreader,Moon+ Reader,4.2034383,Books & Reference,0,True,INR,Moon+,"10,000,000+"
books,com.scribd.app.reader0,Scribd: Audiobooks & Ebooks,4.115324,Books & Reference,0,True,INR,"Scribd, Inc.","10,000,000+"
books,com.pratilipi.mobile.android,Pratilipi - World of Stories,4.4271054,Books & Reference,0,True,INR,Pratilipi,"10,000,000+"
books,com.inkitt.android.hermione,"Inkitt: Books, Novels, Stories",4.3444057,Books & Reference,0,True,INR,Inkitt GmbH,"1,000,000+"
books,com.oodles.download.free.ebooks.reader,"50,000 Books & Audiobooks",3.9056876,Books & Reference,0,True,INR,ViralMedia-MLM,"5,000,000+"
books,com.getepic.Epic,Epic: Kids' Books & Reading,4.2146225,Education,0,True,INR,Epic! Creations Inc,"5,000,000+"
books,web.app.custom,Life Changing Inspiring Books,4.57,Books & Reference,0,True,INR,SkyBlue Inc Sol,"100,000+"
books,bookaz.storiesbook.englishnovelbooks1,English Novel Books - Offline,4.1551723,Books & Reference,0,True,INR,Anold co,"1,000,000+"
books,com.prestigio.ereader,eReader Prestigio: Book Reader,4.4850807,Books & Reference,0,True,INR,Prestigio development team,"10,000,000+"
books,com.bookmate,Bookmate: books & audiobooks,3.74,Books & Reference,0,True,INR,Bookmate,"5,000,000+"
books,booksfortune.bookchor,BookChor - Buy/Sell Used Books,3.9235475,Books & Reference,0,True,INR,BookChor,"500,000+"
books,com.vlv.aravali,Kuku FM - Audiobooks & Stories,4.5043106,Music & Audio,0,True,INR,Kuku FM,"10,000,000+"
books,com.saiuniversalbookstore.EnglishStories,1000+ English Stories Offline,4.498906,Education,0,True,INR,saitutorials,"5,000,000+"
books,com.ebooks.ebookreader,Ebook Reader,4.1385965,Books & Reference,0,True,INR,eBooks.com,"10,000,000+"
books,com.batech.aio_ebooks,Unlimited eBooks,4.485437,Books & Reference,0,True,INR,UbooksApp,"100,000+"
books,com.blinkslabs.blinkist.android,Blinkist: Big Ideas in 15 Min,4.6256323,Education,0,True,INR,Blinks Labs GmbH,"5,000,000+"
books,io.kodular.manishpalaliya002.pdf,Books Downloader anybooks app,3.6359499,Books & Reference,0,True,INR,Make Different,"1,000,000+"
books,com.fullreader,FullReader – e-book reader,4.1990743,Books & Reference,0,True,INR,ITENSE,"1,000,000+"
business,com.whatsapp.w4b,WhatsApp Business,4.139124,Communication,0,True,INR,WhatsApp LLC,"500,000,000+"
business,com.xero.touch,Xero Accounting,3.3564355,Business,0,True,INR,Xero Accounting,"1,000,000+"
business,com.linkedin.android,LinkedIn: Jobs & Business News,4.2775,Business,0,True,INR,LinkedIn,"1,000,000,000+"
business,com.drbindra.badabusiness,Bada Business Community,4.4408283,Education,0,True,INR,Bada Business Pvt. Ltd.,"1,000,000+"
business,com.freshbooks.andromeda,FreshBooks -Invoice+Accounting,3.92,Business,0,True,INR,FreshBooks Cloud Accounting,"500,000+"
business,com.facebook.pages.app,Meta Business Suite,4.428692,Business,0,True,INR,"Meta Platforms, Inc.","100,000,000+"
business,com.zoho.books,Zoho Books - GST Accounting,4.7229357,Business,0,True,INR,Zoho Corporation,"500,000+"
business,com.mailchimp.mailchimp,Mailchimp: Marketing & CRM to ,4.098039,Business,0,True,INR,Mailchimp,"1,000,000+"
business,com.segb_d3v3l0p.minegocio,My Business,4.38,Business,0,True,INR,Goolaxo,"1,000,000+"
business,org.me.mobiexpensifyg,Expensify - Expense Reports,4.5,Finance,0,True,INR,Expensify Inc.,"1,000,000+"
business,com.cashbooknew,CashBook: Biz Expense Manager,4.4911237,Business,0,True,INR,CashBook,"1,000,000+"
business,com.google.android.apps.nbu.paisa.merchant,Google Pay for Business,4.2049174,Finance,0,True,INR,Google LLC,"50,000,000+"
business,in.android.vyapar,Billing App GST Invoice Maker,4.614709,Business,0,True,INR,"Invoicing, Billing, Inventory, GST, Accounting app","5,000,000+"
business,com.Slack,Slack,4.132722,Business,0,True,INR,Slack Technologies Inc.,"10,000,000+"
business,com.deskera.desk,Deskera: Business & Accounting,4.304762,Business,0,True,INR,"Invoice, Billing, Tax, Accounting & Business","100,000+"
business,business.ideas,Entrepreneur Business Ideas - ,4.44,Business,0,True,INR,Alex Genadinik,"500,000+"
business,com.cnbc.client,CNBC: Business & Stock News,4.4874253,Finance,0,True,INR,"NBCUniversal Media, LLC","5,000,000+"
business,com.accounting.bookkeeping,Accounting Bookkeeping,4.401961,Business,0,True,INR,Tacktile Systems Private Limited,"1,000,000+"
business,co.getboosted.emprende,Business Ideas Online: Startup,4.05,Business,0,True,INR,Boost Media,"100,000+"
business,com.businessstandard.bs,Business Standard: News+Stocks,4.173077,News & Magazines,0,True,INR,Business Standard,"100,000+"
business,com.paytm.business,Paytm for Business,4.2680044,Finance,0,True,INR,Paytm - One97 Communications Ltd.,"10,000,000+"
business,small.business.ideas.profitable,Small Business Ideas: The Most,4.375,Lifestyle,0,True,INR,Pro Learning Apps,"10,000+"
business,com.vaibhavkalpe.android.khatabook,Khatabook Credit Account Book,4.6636286,Finance,0,True,INR,Khatabook Business Apps,"50,000,000+"
business,com.bookkeeper,GST Invoice Billing Inventory,4.5868373,Business,0,True,INR,Just Apps Pvt. Ltd.,"1,000,000+"
business,com.paypal.merchant.client,PayPal Business,3.9645607,Business,0,True,INR,PayPal Mobile,"10,000,000+"
business,com.shoekonnect.bizcrum,bijnis - Order from Factories,3.9094203,Business,0,True,INR,bijnis.com,"1,000,000+"
business,com.phonepe.app.business,PhonePe Business,4.236754,Business,0,True,INR,PhonePe,"10,000,000+"
business,com.digitaldukaan,Digital Showroom: Business App,4.2202706,Business,0,True,INR,DotPe - Sales & Marketing App - Made in India,"5,000,000+"
business,com.earnmoneyonline.guide,Online Business Ideas,4.0,Business,0,True,INR,Online Jobs & Startups,"100,000+"
business,com.udemy.android.ufb,Udemy Business,4.334351,Business,0,True,INR,Udemy,"1,000,000+"
education,org.khanacademy.android,Khan Academy,4.567315,Education,0.0,True,INR,Khan Academy,"10,000,000+"
education,org.khankids.android,Khan Academy Kids: Learning!,4.65,Education,0.0,True,INR,Khan Academy,"5,000,000+"
education,com.duolingo,Duolingo: Learn English,4.4953456,Education,0.0,True,INR,Duolingo,"100,000,000+"
education,haygot.togyah.app,Toppr - Learning App for Class,4.296995,Education,0.0,True,INR,Toppr,"10,000,000+"
education,com.byjus.thelearningapp,BYJU'S – The Learning App,4.1507554,Education,0.0,True,INR,BYJU'S,"100,000,000+"
education,com.duolingo.literacy,Learn to Read - Duolingo ABC,4.5,Education,0.0,True,INR,Duolingo,"500,000+"
education,com.yyinedu.pigeon,Oda Class: LIVE Learning App,4.55492,Education,0.0,True,INR,Oda Class,"5,000,000+"
education,com.sololearn,Sololearn: Learn to Code,4.53516,Education,0.0,True,INR,Sololearn - Learn to Code,"10,000,000+"
education,org.brilliant.android,Brilliant,4.598458,Education,0.0,True,INR,Brilliant.org,"1,000,000+"
education,org.edx.mobile,edX: Courses by Harvard & MIT,4.5794888,Education,0.0,True,INR,edX LLC,"5,000,000+"
education,com.classdojo.android,ClassDojo,4.5665913,Education,0.0,True,INR,ClassDojo,"10,000,000+"
education,com.google.android.apps.classroom,Google Classroom,4.0286107,Education,0.0,True,INR,Google LLC,"100,000,000+"
education,org.coursera.android,Coursera: Learn career skills,4.6520658,Education,0.0,True,INR,"Coursera, Inc.","10,000,000+"
education,com.unacademyapp,Unacademy Learner App,4.0448885,Education,0.0,True,INR,Unacademy,"50,000,000+"
education,com.Extramarks.Smartstudy,Extramarks – The Learning App,3.9234738,Education,0.0,True,INR,Extramarks Education,"10,000,000+"
education,com.prodigygame.prodigy,Prodigy Math: Kids Game,4.1,Educational,0.0,True,INR,Prodigy Education Inc.,"5,000,000+"
education,no.mobitroll.kahoot.android,Kahoot! Play & Create Quizzes,4.6069894,Education,0.0,True,INR,Kahoot!,"50,000,000+"
education,com.linkedin.android.learning,LinkedIn Learning,4.61343,Education,0.0,True,INR,LinkedIn,"10,000,000+"
education,in.gov.diksha.app,DIKSHA - for School Education,4.3025413,Education,0.0,True,INR,"Ministry of Education, Govt of India","10,000,000+"
education,com.noonEdu.k12App,Noon Academy - Student App,4.1959877,Education,0.0,True,INR,Noon Academy,"10,000,000+"
education,air.mobi.ka.platform.gp.cont1.free,Kids Academy pre-primary schoo,4.1754384,Education,0.0,True,INR,Preschool & Kindergarten Learning Kids Games,"100,000+"
education,com.edurev,EduRev Exam Preparation App,4.61574,Education,0.0,True,INR,"EduRev: Learning, Mock Test & Exam Preparation App","1,000,000+"
education,com.vedantu.app,"Vedantu | JEE-NEET, Class 1-12",4.1567283,Education,0.0,True,INR,Vedantu,"10,000,000+"
education,com.babbel.mobile.android.en,Babbel - Learn Languages,4.380623,Education,0.0,True,INR,Babbel,"50,000,000+"
education,com.ixl.ixlmath,IXL,3.88,Education,0.0,True,INR,IXL Learning,"1,000,000+"
education,com.greysprings.kindergarten8,Kindergarten kid Learning Game,4.3669353,Education,0.0,True,INR,Greysprings,"5,000,000+"
education,com.google.socratic,Socratic by Google,4.528771,Education,0.0,True,INR,Google LLC,"10,000,000+"
education,com.rvappstudios.abc_kids_toddler_tracing_phonics,ABC Kids - Tracing & Phonics,4.081863,Educational,0.0,True,INR,RV AppStudios,"10,000,000+"
education,tinytap.kids.learning.games,TinyTap: Kids' Learning Games,4.551402,Education,0.0,True,INR,TinyTap,"1,000,000+"
education,com.teachyourmonstertoread.tmapp,Teach Your Monster to Read,4.185185,Educational,460.0,False,INR,Teach Your Monster,"500,000+"
entertainment,com.netflix.mediaclient,Netflix,4.2318525,Entertainment,0,True,INR,"Netflix, Inc.","1,000,000,000+"
entertainment,com.amazon.avod.thirdpartyclient,Amazon Prime Video,4.0921607,Entertainment,0,True,INR,Amazon Mobile LLC,"500,000,000+"
entertainment,com.imdb.mobile,IMDb: Movies & TV Shows,3.9131587,Entertainment,0,True,INR,IMDb,"100,000,000+"
entertainment,com.jio.jioplay.tv,JioTV,3.9376254,Entertainment,0,True,INR,Jio Platforms Limited,"100,000,000+"
entertainment,com.graymatrix.did,"ZEE5 Movies, Web Series, Shows",4.510011,Entertainment,0,True,INR,Z5X Global FZ LLC,"100,000,000+"
entertainment,com.netflix.ninja,Netflix,3.245098,Entertainment,0,True,INR,"Netflix, Inc.","100,000,000+"
entertainment,ahaflix.tv,aha - 100% Local Entertainment,4.4296308,Entertainment,0,True,INR,Arha Media & Broadcasting Private Limited,"10,000,000+"
entertainment,com.jio.media.ondemand,"JioCinema - Sports, Movies, TV",3.4251747,Entertainment,0,True,INR,Reliance Storage  Limited,"100,000,000+"
entertainment,tv.accedo.airtel.wynk,Airtel Xstream: Movies & Shows,3.391265,Entertainment,0,True,INR,Airtel,"100,000,000+"
entertainment,tv.chaupal.android,Chaupal - Movies & Web Series,3.7073607,Entertainment,0,True,INR,BOSNA DIGITAL ENTERTAINMENT PRIVATE LIMITED,"1,000,000+"
entertainment,com.tatasky.binge,Tata Play Binge: 20+ OTTs in 1,4.105016,Entertainment,0,True,INR,Tata Play Ltd,"5,000,000+"
entertainment,com.saranyu.shemarooworld,ShemarooMe,4.207617,Entertainment,0,True,INR,Shemaroo Entertainment Ltd.,"5,000,000+"
entertainment,com.balaji.alt,ALTT : Web Series & More,3.0319579,Entertainment,0,True,INR,ALT Digital Media Entertainment Ltd,"10,000,000+"
entertainment,com.erosnow,"Eros Now - Movies, Originals, ",2.69098,Entertainment,0,True,INR,Eros Digital FZ LLC,"10,000,000+"
entertainment,com.sonyliv,"Sony LIV:Sports, Entertainment",4.1693735,Entertainment,0,True,INR,Sony Pictures Networks India Pvt. Ltd,"100,000,000+"
entertainment,com.justwatch.justwatch,JustWatch - Streaming Guide,3.552941,Entertainment,0,True,INR,JustWatch GmbH,"10,000,000+"
entertainment,com.viewlift.hoichoi,hoichoi - Movies & Web Series,4.167296,Entertainment,0,True,INR,Hoichoi Technologies Private Limited,"10,000,000+"
entertainment,com.plexapp.android,Plex: Stream Movies & TV,3.8835099,Entertainment,0,True,INR,"Plex, Inc.","10,000,000+"
entertainment,com.google.android.videos,Google TV,3.9879816,Video Players & Editors,0,True,INR,Google LLC,"5,000,000,000+"
entertainment,com.suntv.sunnxt,Sun NXT,4.395313,Entertainment,0,True,INR,Sun TV Network  Limited,"10,000,000+"
entertainment,com.lionsgateplay.videoapp,Lionsgate Play: Movies & Shows,3.0118577,Entertainment,0,True,INR,Lionsgate Play LLP,"1,000,000+"
entertainment,com.audible.application,Audible: Audio Entertainment,4.268293,Books & Reference,0,True,INR,"Audible, Inc","100,000,000+"
entertainment,com.google.android.apps.youtube.kids,YouTube Kids,4.104211,Entertainment,0,True,INR,Google LLC,"100,000,000+"
entertainment,com.vodafone.vodafoneplay,"Vi Movies & TV: OTT, Music",4.053012,Entertainment,0,True,INR,Vodafone Idea Limited.,"10,000,000+"
entertainment,in.startv.hotstar,Hotstar,4.036005,Entertainment,0,True,INR,Novi Digital,"500,000,000+"
entertainment,com.tv.v18.viola,"Voot, Bigg Boss 16, Colors TV",3.9059272,Entertainment,0,True,INR,Viacom18 Digital Media,"100,000,000+"
entertainment,com.ryzmedia.tatasky,Tata Sky is now Tata Play,3.9289706,Entertainment,0,True,INR,Tata Play Ltd,"50,000,000+"
entertainment,com.recipe.filmrise,FilmRise - Movies and TV Shows,3.69,Entertainment,0,True,INR,Future Today Inc,"1,000,000+"
entertainment,com.hungama.movies.tv,"Hungama Play for TV - Movies, ",1.3846154,Entertainment,0,True,INR,Hungama Digital Media Entertainment Pvt. Ltd.,"1,000,000+"
entertainment,com.amazon.amazonvideo.livingroom,Prime Video - Android TV,2.2574258,Entertainment,0,True,INR,Amazon Mobile LLC,"100,000,000+"
family and relationship,kr.co.vcnc.android.couple,Between - Private Couples App,4.520902,Social,0,True,INR,띵스플로우,"10,000,000+"
family and relationship,com.getpaired.app,Paired: Couples & Relationship,3.8137255,Health & Fitness,0,True,INR,Paired - Relationship Advice & Quiz for Couples,"1,000,000+"
family and relationship,com.changelifelong,Lifelong- the relationship app,3.7755103,Lifestyle,0,True,INR,Lifelong Inc.,"100,000+"
family and relationship,com.ihappydate,Dating with singles - iHappy,3.7567568,Dating,0,True,INR,ihappydate,"10,000,000+"
family and relationship,com.ftw_and_co.happn,happn - Dating App,3.0891457,Lifestyle,0,True,INR,happn,"50,000,000+"
family and relationship,com.quackquack,QuackQuack Dating App in India,3.9264653,Lifestyle,0,True,INR,QuackQuack.in,"10,000,000+"
family and relationship,com.bumble.app,Bumble - Dating. Friends. Bizz,4.1406393,Dating,0,True,INR,Bumble Holding Limited,"50,000,000+"
family and relationship,com.hip.coupleapp,In Love while Parenting,4.82,Lifestyle,0,True,INR,HJB Ventures,"500,000+"
family and relationship,com.grootersproductions.challenge,Love Nudge,3.744681,Lifestyle,0,True,INR,Northfield Publishing,"1,000,000+"
family and relationship,com.aisle.app,Aisle — Dating App For Indians,4.5511236,Lifestyle,0,True,INR,Aisle Network Pvt. Ltd.,"5,000,000+"
family and relationship,com.evergreenapp.evergreen,Evergreen: Relationship Growth,4.368421,Health & Fitness,0,True,INR,Evergreen Technologies,"100,000+"
family and relationship,com.jmm.couplegame,Couple Game: Relationship Quiz,4.08,Lifestyle,0,True,INR,IPASSION LTD,"1,000,000+"
family and relationship,com.tinder,Tinder - Match. Chat. Date.,4.0299425,Dating,0,True,INR,Tinder,"100,000,000+"
family and relationship,com.google.android.apps.kids.familylink,Google Family Link,4.300992,Tools,0,True,INR,Google LLC,"100,000,000+"
family and relationship,co.hinge.app,Hinge Dating App: Meet People,4.07047,Dating,0,True,INR,"Hinge, Inc.","10,000,000+"
family and relationship,com.fhasanstudio.relationshipadvice,Relationship Advice,0.0,Books & Reference,0,True,INR,Fhasan Studio,"5,000+"
family and relationship,mingle.android.mingle2,"Mingle2: Dating, Chat & Meet",4.403244,Dating,0,True,INR,"NextC, LLC - Dating Network","10,000,000+"
family and relationship,com.idealmatch.idma,iris: Your personal Dating AI,4.098644,Dating,0,True,INR,IRIS Team,"1,000,000+"
family and relationship,com.lovewick.app,Lovewick: Relationship App,4.419355,Lifestyle,0,True,INR,Lovewick,"100,000+"
family and relationship,com.threesome.swingers.threefun,3Fun: Threesome Couples Dating,4.2087913,Dating,0,True,INR,3Fun Limited,"1,000,000+"
family and relationship,com.okcupid.okcupid,OkCupid: Online Dating App,3.7729828,Dating,0,True,INR,okcupid.com,"10,000,000+"
family and relationship,com.u2opia.woo,Woo - Dating App for India,3.928009,Lifestyle,0,True,INR,DoubleYou Pte Ltd.,"10,000,000+"
family and relationship,ru.fotostrana.sweetmeet,Dating and Chat - SweetMeet,3.9682875,Dating,0,True,INR,SweetMeet,"50,000,000+"
family and relationship,com.appybuilder.kontakt.Talk2You,Talk2You: Couple Conversations,0.0,Lifestyle,0,True,INR,For Healthy Relationships,"100,000+"
family and relationship,com.free.hookup.dating.apps.wild,"Wild: Hook up, Meet, Dating Me",4.4428573,Dating,0,True,INR,Wild Limited,"1,000,000+"
family and relationship,com.family.quotes.messages,Best Family Quotes,3.7777777,Communication,0,True,INR,Love Flirty Texts,"10,000+"
family and relationship,io.couply.android,Couply: The App for Couples,3.2,Health & Fitness,0,True,INR,"Couply: Couples Quiz, Relationship and Date Ideas","100,000+"
family and relationship,co.feeld,Feeld: Meet Couples & Singles,4.05,Dating,0,True,INR,Feeld Ltd.,"1,000,000+"
family and relationship,com.shaadi.android,Shaadi.com® - Matrimony App,4.2615047,Social,0,True,INR,People Interactive,"10,000,000+"
family and relationship,net.milkdrops.beentogether,Been Together (Ad),3.97,Lifestyle,0,True,INR,Been Together Inc.,"10,000,000+"
finance,com.droid4you.application.wallet,Wallet: Budget Expense Tracker,4.6983333,Finance,0,True,INR,BudgetBakers.com,"5,000,000+"
finance,com.monefy.app.lite,Monefy - Budget & Expenses app,4.193826,Finance,0,True,INR,Reflectly,"5,000,000+"
finance,com.realbyteapps.moneymanagerfree,Money Manager Expense & Budget,4.593915,Finance,0,True,INR,Realbyte Inc.,"10,000,000+"
finance,com.dayspringtech.envelopes,Goodbudget: Budget & Finance,3.35,Finance,0,True,INR,Dayspring Partners,"1,000,000+"
finance,com.cleevio.spendee,Spendee - Budget and Expense T,4.51751,Finance,0,True,INR,SPENDEE a.s.,"1,000,000+"
finance,com.youneedabudget.evergreen.app,YNAB (You Need A Budget),3.61,Finance,0,True,INR,YouNeedABudget.com,"1,000,000+"
finance,org.altruist.BajajExperia,"Bajaj Finserv: UPI, Pay, Loans",4.554049,Finance,0,True,INR,Bajaj Finance Limited,"50,000,000+"
finance,com.whizdm.moneyview.loans,Money View: Personal Loan App,4.65653,Finance,0,True,INR,Money View: Loan App & Money Manager,"10,000,000+"
finance,com.epifi.paisa,Fi Money: Save And Invest,4.5120945,Finance,0,True,INR,epiFi Technologies Private Limited,"10,000,000+"
finance,com.bookmark.money,Money Lover - Spending Manager,4.124336,Finance,0,True,INR,Finsify,"5,000,000+"
finance,com.Splitwise.SplitwiseMobile,Splitwise,4.5643077,Finance,0,True,INR,Splitwise,"10,000,000+"
finance,in.bajajfinservmarkets.app,"Bajaj Markets: Loan, Card, UPI",4.0562553,Finance,0,True,INR,Bajaj Finserv MARKETS,"10,000,000+"
finance,com.raha.app.mymoney.free,MyMoney—Track Expense & Budget,4.6783786,Finance,0,True,INR,Ananta Raha,"100,000+"
finance,com.colpit.diamondcoming.isavemoney,Budget planner—Expense tracker,4.627907,Finance,0,True,INR,"DigitLeaf, llc","1,000,000+"
finance,co.tslc.cashe.android,CASHe Personal Loan App,3.714927,Finance,0,True,INR,CASHe,"10,000,000+"
finance,com.seshadri.padmaja.expense,Day-to-day Expenses,4.4829993,Finance,0,True,INR,Padmaja Seshadri,"1,000,000+"
finance,com.ivy.wallet,Ivy Wallet: money manager,4.818182,Finance,0,True,INR,Ivy Apps,"50,000+"
finance,com.fusionmedia.investing,Investing.com: Stocks & News,4.5620418,Finance,0,True,INR,INVESTING.com,"10,000,000+"
finance,com.samsung.android.samsungsure,Samsung Finance +,3.7434053,Finance,0,True,INR,Samsung India Electronics Ltd.,"1,000,000+"
finance,com.mhriley.spendingtracker,Spending Tracker,4.5607233,Finance,0,True,INR,MH Riley Ltd,"1,000,000+"
finance,com.daamitt.walnut.app,axio: Expense Tracker & BNPL,4.1388025,Finance,0,True,INR,Axio Digital Pvt. Ltd.,"10,000,000+"
finance,vopo.easyhomefinance,Easy Home Finance,4.38,Finance,0,True,INR,VoPo,"100,000+"
finance,ru.innim.my_finance,Money manager & expenses,4.7831326,Finance,0,True,INR,Innim Mobile Exp,"5,000,000+"
finance,com.ltfs.d2c,PLANET by L&T Finance,4.4987197,Finance,0,True,INR,L&T Finance,"1,000,000+"
finance,com.ibearsoft.moneyproandroid,Money Pro: Personal Finance AR,3.71,Finance,0,True,INR,iBear LLC,"500,000+"
finance,com.piramal.app.pchf,Piramal Finance,4.593875,Finance,0,True,INR,Piramal Capital & Housing Finance Limited,"500,000+"
finance,com.expensemanager,Expense Manager,4.298607,Finance,0,True,INR,Bishinews,"5,000,000+"
finance,br.com.gerenciadorfinanceiro.controller,Mobills: Budget Planner,3.3807106,Finance,0,True,INR,Mobills Inc.,"5,000,000+"
finance,com.yahoo.mobile.client.android.finance,Yahoo Finance,4.286301,Finance,0,True,INR,Yahoo,"10,000,000+"
finance,com.kreditbee.android,KreditBee: Quick Personal Loan,4.529748,Finance,0,True,INR,Finnovation Tech Solutions Pvt Ltd,"10,000,000+"
food,com.application.zomato,Zomato: Food Delivery & Dining,4.4828205,Food & Drink,0,True,INR,Zomato,"100,000,000+"
food,in.swiggy.android,Swiggy Food & Grocery Delivery,4.483,Food & Drink,0,True,INR,Swiggy,"100,000,000+"
food,com.ubercab.eats,Uber Eats: Food Delivery,3.712892,Food & Drink,0,True,INR,"Uber Technologies, Inc.","100,000,000+"
food,com.done.faasos,EatSure - Online Food Delivery,4.3458176,Food & Drink,0,True,INR,Rebel Marketplace Private Limited,"10,000,000+"
food,com.Dominos,Domino's Pizza - Food Delivery,4.536864,Food & Drink,0,True,INR,Jubilant Foodworks,"50,000,000+"
food,com.buzzfeed.tasty,Tasty,4.6686215,Food & Drink,0,True,INR,BuzzFeed,"10,000,000+"
food,com.opentable,OpenTable,3.76,Food & Drink,0,True,INR,OpenTable,"10,000,000+"
food,com.grubhub.android,Grubhub: Food Delivery,4.61,Food & Drink,0,True,INR,Grubhub,"10,000,000+"
food,com.dd.doordash,DoorDash - Food Delivery,4.569395,Food & Drink,0,True,INR,DoorDash,"50,000,000+"
food,com.poncho,BOX8: Order Food Online,4.5214562,Food & Drink,0,True,INR,PHPL,"1,000,000+"
food,com.deliveroo.orderapp,Deliveroo: Food Delivery UK,4.562573,Food & Drink,0,True,INR,Deliveroo,"10,000,000+"
food,com.il.mcdelivery,McDonald’s India Food Delivery,4.203222,Food & Drink,0,True,INR,McDonald's India – West & South,"5,000,000+"
food,com.yummly.android,Yummly Recipes & Cooking Tools,4.39823,Food & Drink,0,True,INR,Yummly,"5,000,000+"
food,com.poncho.eatclub,EATCLUB: Order Food Online,4.6707425,Food & Drink,0,True,INR,PHPL,"1,000,000+"
food,com.talabat,talabat: Food & Groceries,3.6153846,Food & Drink,0,True,INR,Talabat,"10,000,000+"
food,com.sidechef.sidechef,SideChef: Recipes & Meal Plans,4.46,Food & Drink,0,True,INR,SideChef,"500,000+"
food,com.dineout.book,Dineout: Restaurant Offers,4.7831297,Food & Drink,0,True,INR,dineout,"5,000,000+"
food,com.byte.customer,Byte - Online Food Delivery,4.6,Food & Drink,0,True,INR,Byte Technology Systems Inc.,"1,000,000+"
food,order.food.online.delivery.offers.deals,All in One Food Delivery App |,3.821883,Food & Drink,0,True,INR,Food Delivery Near Me | Online Food Ordering,"1,000,000+"
food,com.hungrypanda.waimai,HungryPanda: Food Delivery,3.235294,Food & Drink,0,True,INR,HungryPanda,"500,000+"
food,com.justeat.app.uk,Just Eat - Food Delivery,4.696296,Food & Drink,0,True,INR,Just-Eat Holding Limited,"10,000,000+"
food,com.ajnsnewmedia.kitchenstories,Kitchen Stories: Easy Recipes,3.9496403,Food & Drink,0,True,INR,Kitchen Stories,"1,000,000+"
food,com.freshmenu,FreshMenu - Food Ordering App,3.7553487,Food & Drink,0,True,INR,Admin Freshmenu,"1,000,000+"
food,com.mufumbo.android.recipe.search,Cookpad: Find & Share Recipes,4.3,Food & Drink,0,True,INR,Cookpad Inc (UK),"10,000,000+"
food,get.cari.bestfooddelivery.app,Cari: The best food delivered,4.6666665,Food & Drink,0,True,INR,TSVB,"10,000+"
food,com.easydiner,EazyDiner: Book|Pay|Save,4.6493416,Food & Drink,0,True,INR,EazyDiner,"1,000,000+"
food,com.homefoodi.user,Homefoodi:Homemade Food APP,3.8943396,Food & Drink,0,True,INR,BLD Dine Homes Pvt Ltd,"100,000+"
food,com.glovo,Glovo: Food Delivery and More,4.62931,Lifestyle,0,True,INR,Glovoapp 23SL,"50,000,000+"
food,com.kfc.qatar,KFC Qatar - Order food online,4.14,Food & Drink,0,True,INR,Americana Food Co,"500,000+"
food,com.grofers.customerapp,Blinkit: Grocery in minutes,4.4536414,Food & Drink,0,True,INR,Grofers India Pvt Ltd,"10,000,000+"
graphic and design,com.adobe.spark.post,Adobe Express: Graphic Design,4.5415606,Art & Design,0,True,INR,Adobe,"10,000,000+"
graphic and design,com.canva.editor,Photo & Video Editor - Canva,4.4842315,Art & Design,0,True,INR,Canva,"100,000,000+"
graphic and design,com.delgeo.desygner,Desygner: Graphic Design Maker,4.575569,Art & Design,0,True,INR,Desygner Pty Ltd,"5,000,000+"
graphic and design,com.brakefield.idfree,Infinite Design,3.915236,Art & Design,0,True,INR,Infinite Studio LLC,"10,000,000+"
graphic and design,com.design.studio,Graphic Design & Logo Maker,4.35567,Art & Design,0,True,INR,Logician Studio,"500,000+"
graphic and design,com.bg.flyermaker,"Flyers, Poster Maker, Design",4.3838787,Business,0,True,INR,Apps You Love,"10,000,000+"
graphic and design,com.dephotos.crello,VistaCreate: Graphic Design,4.442953,Art & Design,0,True,INR,Crello Ltd.,"1,000,000+"
graphic and design,app.design.learn.graphic.proapp.courses.online.motion.logo.canva.vector.illustrations.elements.adobe.udemy.skillshare,Learn Graphic Design - ProApp,4.2027025,Education,0,True,INR,ProApp - Learn Design,"10,000+"
graphic and design,com.adsk.sketchbook,Sketchbook,4.209318,Art & Design,0,True,INR,Sketchbook,"100,000,000+"
graphic and design,app.poster.maker.postermaker.flyer.designer,Poster Maker Canvas photo edit,4.6145363,Art & Design,0,True,INR,Technozer Solution,"5,000,000+"
graphic and design,com.createlogo.logomaker,Logo Maker : Graphic Design,4.581923,Art & Design,0,True,INR,Mobi App & Thumbnail Maker Inc,"10,000,000+"
graphic and design,com.logopit.logoplus,Logo Maker Plus - Logo Creator,4.2676506,Photography,0,True,INR,Logopit - Logo Maker & Graphic Design Creator,"10,000,000+"
graphic and design,com.app.graphicsDesign,Graphic Design,4.0851064,Art & Design,0,True,INR,Ever Fun Apps LLC,"10,000+"
graphic and design,com.graphics.logodesign,3D Logo Design Services,2.6263158,Business,0,True,INR,Josue J. Munoz,"1,000,000+"
graphic and design,com.ist.artlab,Poster Maker - Graphic Design,4.4,Art & Design,0,True,INR,Appexel App Maker,"100,000+"
graphic and design,com.adobe.creativeapps.gather,"Adobe Capture: Illustrator,Ps",4.4239764,Art & Design,0,True,INR,Adobe,"5,000,000+"
graphic and design,app.over.editor,GoDaddy Studio: Graphic Design,4.1546392,Art & Design,0,True,INR,"GoDaddy Mobile, LLC","5,000,000+"
graphic and design,org.contentarcade.apps.logomaker,Logo Maker : Logo Creator,4.2640176,Art & Design,0,True,INR,CA Publishing,"10,000,000+"
graphic and design,com.graphic.design.digital.businessadsmaker,"Kriadl: Flyer & Logo, Design",4.123457,Art & Design,0,True,INR,Image Crop n Wallpaper Changer,"1,000,000+"
graphic and design,com.brakefield.painter,Infinite Painter,4.2887864,Art & Design,0,True,INR,Infinite Studio LLC,"10,000,000+"
graphic and design,pl.planmieszkania.android,Floor Plan Creator,4.2457576,Art & Design,0,True,INR,Marcin Lewandowski,"10,000,000+"
graphic and design,com.nra.flyermaker,"Poster Maker, Flyer Maker",4.4396796,Art & Design,0,True,INR,Photo Studio & Picture Editor Lab,"1,000,000+"
graphic and design,com.artech.logomakerfreepro,Logo Maker - Graphic Design & ,3.7237568,Art & Design,0,True,INR,AR Tech,"5,000,000+"
graphic and design,com.adobe.psmobile,Photoshop Express Photo Editor,4.306972,Photography,0,True,INR,Adobe,"100,000,000+"
graphic and design,com.artoon.logomaker,Loogy - Graphic Design Pro,4.4084506,Art & Design,0,True,INR,Artoon Games,"100,000+"
graphic and design,com.tophatch.concepts,"Concepts: Sketch, Note, Draw",4.52,Art & Design,0,True,INR,"TopHatch, Inc.","1,000,000+"
graphic and design,com.picsart.studio,"Picsart AI Photo Editor, Video",4.195271,Photography,0,True,INR,"PicsArt, Inc.","1,000,000,000+"
graphic and design,com.greetingsisland.sam,Invitation Maker Card Design,4.521097,Events,0,True,INR,Greetings Island,"10,000,000+"
graphic and design,com.app.vectorink,"Vector Ink: SVG, Illustrator",3.96,Art & Design,0,True,INR,Vector Ink LLC,"100,000+"
graphic and design,com.behance.behance,Behance - Creative Portfolios,4.5774426,Art & Design,0,True,INR,Adobe Inc,"5,000,000+"
game,com.king.candycrushsaga,Candy Crush Saga,4.4198875,Casual,0,True,INR,King,"1,000,000,000+"
game,com.google.android.play.games,Google Play Games,4.2789893,Entertainment,0,True,INR,Google LLC,"5,000,000,000+"
game,com.halfbrick.fruitninjafree,Fruit Ninja®,4.1082625,Arcade,0,True,INR,Halfbrick Studios,"500,000,000+"
game,com.gameloft.android.ANMP.GloftA8HM,Asphalt 8 - Car Racing Game,4.3622165,Racing,0,True,INR,Gameloft SE,"100,000,000+"
game,com.rovio.baba,Angry Birds 2,4.2807183,Casual,0,True,INR,Rovio Entertainment Corporation,"100,000,000+"
game,com.playrix.gardenscapes,Gardenscapes,4.3019466,Casual,0,True,INR,Playrix,"100,000,000+"
game,com.nintendo.zaka,Mario Kart Tour,3.7257648,Action,0,True,INR,"Nintendo Co., Ltd.","100,000,000+"
game,com.yodo1.crossyroad,Crossy Road,4.30576,Action,0,True,INR,HIPSTER WHALE,"100,000,000+"
game,com.imangi.templerun2,Temple Run 2,4.1488247,Action,0,True,INR,Imangi Studios,"500,000,000+"
game,dk.tactile.lilysgarden,Lily’s Garden - Design & Relax,4.215297,Puzzle,0,True,INR,Tactile Games,"50,000,000+"
game,com.kooapps.pictowordandroid,Pictoword: Fun Brain Word Game,4.030604,Word,0,True,INR,Kooapps Games | Fun Arcade and Casual Action Games,"10,000,000+"
game,com.playrix.homescapes,Homescapes,4.35819,Casual,0,True,INR,Playrix,"100,000,000+"
game,com.generagames.resistance,Cover Fire: Offline Shooting,4.295758,Action,0,True,INR,Viva Games Studios,"100,000,000+"
game,com.playrix.fishdomdd.gplay,Fishdom,4.157114,Puzzle,0,True,INR,Playrix,"100,000,000+"
game,com.ea.game.nfs14_row,Need for Speed™ No Limits,4.055188,Racing,0,True,INR,ELECTRONIC ARTS,"100,000,000+"
game,com.peoplefun.wordcross,Wordscapes,4.4587727,Word,0,True,INR,PeopleFun,"50,000,000+"
game,com.bigduckgames.flow,Flow Free,4.360912,Puzzle,0,True,INR,Big Duck Games LLC,"100,000,000+"
game,com.madfingergames.unkilled,UNKILLED - FPS Zombie Games,4.252329,Action,0,True,INR,MADFINGER Games,"10,000,000+"
game,com.miniclip.eightballpool,8 Ball Pool,4.327983,Sports,0,True,INR,Miniclip.com,"500,000,000+"
game,com.JindoBlu.TwoPlayerGamesChallenge,2 Player games : the Challenge,4.3138304,Arcade,0,True,INR,JindoBlu,"100,000,000+"
game,com.mediocre.smashhit,Smash Hit,4.40603,Arcade,0,True,INR,Mediocre,"100,000,000+"
game,com.nintendo.zara,Super Mario Run,3.4236045,Action,0,True,INR,"Nintendo Co., Ltd.","100,000,000+"
game,com.king.candycrushsodasaga,Candy Crush Soda Saga,4.3869267,Casual,0,True,INR,King,"100,000,000+"
game,com.rovio.abcasual,Angry Birds Journey,4.391828,Puzzle,0,True,INR,Rovio Entertainment Corporation,"10,000,000+"
game,com.imangi.templerun,Temple Run,4.10433,Arcade,0,True,INR,Imangi Studios,"500,000,000+"
game,com.fingersoft.hcr2,Hill Climb Racing 2,4.2166286,Racing,0,True,INR,Fingersoft,"100,000,000+"
game,com.gameloft.android.ANMP.GloftDMHM,Minion Rush: Running Game,4.185898,Casual,0,True,INR,Gameloft SE,"500,000,000+"
game,com.playrix.township,Township,4.4088383,Casual,0,True,INR,Playrix,"100,000,000+"
game,com.maroieqrwlk.unpin,Pull the Pin,3.9048781,Puzzle,0,True,INR,Popcore Games,"100,000,000+"
game,com.ragequitgames.evillands,Evil Lands: Online Action RPG,4.0103407,Role Playing,0,True,INR,Rage Quit Games LLC,"10,000,000+"
health and fitness,com.google.android.apps.fitness,Google Fit: Activity Tracking,4.2555714,Health & Fitness,0,True,INR,Google LLC,"100,000,000+"
health and fitness,steptracker.healthandfitness.walkingtracker.pedometer,Step Tracker - Pedometer,4.80952,Health & Fitness,0,True,INR,Leap Fitness Group,"10,000,000+"
health and fitness,com.sec.android.app.shealth,Samsung Health,4.164155,Health & Fitness,0,True,INR,"Samsung Electronics Co.,  Ltd.","1,000,000,000+"
health and fitness,com.myfitnesspal.android,MyFitnessPal - Calorie Counter,4.3097525,Health & Fitness,0,True,INR,"MyFitnessPal, Inc.","100,000,000+"
health and fitness,com.healthifyme.basic,HealthifyMe - Calorie Counter,4.4294353,Health & Fitness,0,True,INR,"HealthifyMe (Calorie Counter, Weight Loss Coach)","10,000,000+"
health and fitness,com.fiton.android,FitOn Workouts & Fitness Plans,4.5625,Health & Fitness,0,True,INR,FitOn,"5,000,000+"
health and fitness,com.strava,"Strava: Run, Ride, Hike",4.3317494,Health & Fitness,0,True,INR,Strava Inc.,"50,000,000+"
health and fitness,com.nike.ntc,Nike Training Club: Fitness,4.005608,Health & Fitness,0,True,INR,"Nike, Inc.","10,000,000+"
health and fitness,com.popularapp.sevenmins,7 Minute Workout,4.7160287,Health & Fitness,0,True,INR,Simple Design Ltd.,"10,000,000+"
health and fitness,com.fitbit.FitbitMobile,Fitbit,3.933438,Health & Fitness,0,True,INR,Fitbit LLC,"50,000,000+"
health and fitness,sworkitapp.sworkit.com,Sworkit Fitness – Workouts,3.9637527,Health & Fitness,0,True,INR,Nexercise Inc,"5,000,000+"
health and fitness,je.fit,Gym Workout Plan & Log Tracker,4.224189,Health & Fitness,0,True,INR,Jefit Inc.,"5,000,000+"
health and fitness,homeworkout.homeworkouts.noequipment,Home Workout - No Equipment,4.825726,Health & Fitness,0,True,INR,Leap Fitness Group,"100,000,000+"
health and fitness,com.mapmyfitness.android2,Map My Fitness Workout Trainer,4.6,Health & Fitness,0,True,INR,"MapMyFitness, Inc.","1,000,000+"
health and fitness,com.sillens.shapeupclub,Lifesum: Healthy Eating & Diet,4.219101,Health & Fitness,0,True,INR,Lifesum,"10,000,000+"
health and fitness,com.androidapps.healthmanager,"Health Pal - Fitness, Weight l",4.009901,Health & Fitness,0,True,INR,Digit Grove,"1,000,000+"
health and fitness,com.droidinfinity.healthplus,Health & Fitness Tracker,3.77,Health & Fitness,0,True,INR,DROID INFINITY,"5,000,000+"
health and fitness,com.centr.app,"Centr, by Chris Hemsworth",4.04,Health & Fitness,0,True,INR,Centr,"1,000,000+"
health and fitness,women.workout.female.fitness,Workout for Women: Fit at Home,4.793645,Health & Fitness,0,True,INR,Leap Fitness Group,"50,000,000+"
health and fitness,com.freeletics.lite,Freeletics: Fitness Workouts,4.350441,Health & Fitness,0,True,INR,Freeletics,"10,000,000+"
health and fitness,com.nike.plusgps,Nike Run Club - Running Coach,4.049429,Health & Fitness,0,True,INR,"Nike, Inc.","10,000,000+"
health and fitness,loseweight.weightloss.workout.fitness,Lose Weight at Home in 30 Days,4.749932,Health & Fitness,0,True,INR,Simple Design Ltd.,"50,000,000+"
health and fitness,com.runtastic.android.results.lite,adidas Training: HIIT Workouts,4.456421,Health & Fitness,0,True,INR,Adidas Runtastic,"10,000,000+"
health and fitness,com.eightfit.app,8fit Workouts & Meal Planner,3.9057472,Health & Fitness,0,True,INR,Urbanite Inc,"10,000,000+"
health and fitness,se.perigee.android.seven,Seven - 7 Minute Workout,4.591209,Health & Fitness,0,True,INR,Perigee AB,"5,000,000+"
health and fitness,fit.cure.android,cult.fit Fitness & Gym Workout,4.4088564,Health & Fitness,0,True,INR,Curefit Healthcare Pvt. Ltd.,"10,000,000+"
health and fitness,cc.pacer.androidapp,Pacer Pedometer & Step Tracker,4.719571,Health & Fitness,0,True,INR,Pacer Health,"10,000,000+"
health and fitness,com.runtastic.android,adidas Running: Sports Tracker,4.4717326,Health & Fitness,0,True,INR,Adidas Runtastic,"50,000,000+"
health and fitness,com.mapmywalk.android2,Walk with Map My Walk,4.628328,Health & Fitness,0,True,INR,"MapMyFitness, Inc.","10,000,000+"
health and fitness,com.fitnesskeeper.runkeeper.pro,ASICS Runkeeper - Run Tracker,4.299389,Health & Fitness,0,True,INR,"ASICS Digital, Inc.","10,000,000+"
lifestyle,co.thefabulous.app,Fabulous Daily Routine Planner,4.4878387,Health & Fitness,0,True,INR,TheFabulous,"10,000,000+"
lifestyle,com.remente.app,"Remente: Self Care, Wellbeing",4.3137255,Health & Fitness,0,True,INR,Remente,"1,000,000+"
lifestyle,com.healthifyme.basic,HealthifyMe - Calorie Counter,4.4294353,Health & Fitness,0,True,INR,"HealthifyMe (Calorie Counter, Weight Loss Coach)","10,000,000+"
lifestyle,com.applications.lifestyle,Lifestyle - Online Shopping Fo,3.980058,Shopping,0,True,INR,Landmark Online India Pvt. Ltd.,"10,000,000+"
lifestyle,com.getsomeheadspace.android,Headspace: Mindful Meditation,4.25,Health & Fitness,0,True,INR,"Headspace for Meditation, Mindfulness and Sleep","10,000,000+"
lifestyle,com.androidapps.healthmanager,"Health Pal - Fitness, Weight l",4.009901,Health & Fitness,0,True,INR,Digit Grove,"1,000,000+"
lifestyle,com.sillens.shapeupclub,Lifesum: Healthy Eating & Diet,4.219101,Health & Fitness,0,True,INR,Lifesum,"10,000,000+"
lifestyle,com.calm.android,"Calm - Sleep, Meditate, Relax",4.348506,Health & Fitness,0,True,INR,"Calm.com, Inc.","10,000,000+"
lifestyle,com.google.android.apps.fitness,Google Fit: Activity Tracking,4.2555714,Health & Fitness,0,True,INR,Google LLC,"100,000,000+"
lifestyle,com.limatech.dayschallenge.dayschallenge,21 Days Challenge,4.7061825,Lifestyle,0,True,INR,Kati & Lima,"5,000,000+"
lifestyle,net.daylio,Daylio Journal - Mood Tracker,4.5590467,Lifestyle,0,True,INR,Habitics,"10,000,000+"
lifestyle,com.spotlightsix.zentimerlite2,Insight Timer - Meditation App,4.76986,Health & Fitness,0,True,INR,Insight Network Inc,"5,000,000+"
lifestyle,com.fitnow.loseit,Calorie Counter by Lose It!,4.369942,Health & Fitness,0,True,INR,"FitNow, Inc.","10,000,000+"
lifestyle,io.lifestyleai.lifestyleaiflutter,Lifestyle AI,5.0,Health & Fitness,0,True,INR,Lifestyle AI,"1,000+"
lifestyle,com.runtastic.android,adidas Running: Sports Tracker,4.4717326,Health & Fitness,0,True,INR,Adidas Runtastic,"50,000,000+"
lifestyle,com.fitbit.FitbitMobile,Fitbit,3.933438,Health & Fitness,0,True,INR,Fitbit LLC,"50,000,000+"
lifestyle,com.sec.android.app.shealth,Samsung Health,4.164155,Health & Fitness,0,True,INR,"Samsung Electronics Co.,  Ltd.","1,000,000,000+"
lifestyle,com.simplehabit.simplehabitapp,Simple Habit: Meditation,4.691646,Health & Fitness,0,True,INR,"Simple Habit, Inc.","1,000,000+"
lifestyle,ipnossoft.rma.free,BetterSleep: Sleep tracker,4.52459,Health & Fitness,0,True,INR,Ipnos Software,"10,000,000+"
lifestyle,com.northstar.gratitude,Gratitude: Self-Care Journal,4.7628317,Lifestyle,0,True,INR,Hapjoy Technologies,"1,000,000+"
lifestyle,com.theinnerhour.b2b,Amaha (InnerHour): self care,4.387054,Health & Fitness,0,True,INR,Amaha Health,"1,000,000+"
lifestyle,com.ayurvigyanam.www.ayurvigyanam,"Ayurvedic Lifestyle, Diet and ",4.31,Health & Fitness,0,True,INR,Dr. Avantika Thakur,"50,000+"
lifestyle,in.evolve.android,Evolve: Self-Care & Meditation,4.659498,Health & Fitness,0,True,INR,Evolve - Meditation made joyful,"100,000+"
lifestyle,com.urbandroid.sleep,Sleep as Android: Smart alarm,4.4801764,Lifestyle,0,True,INR,Urbandroid (Petr Nálevka),"10,000,000+"
lifestyle,com.eightfit.app,8fit Workouts & Meal Planner,3.9057472,Health & Fitness,0,True,INR,Urbanite Inc,"10,000,000+"
lifestyle,com.truweight.controllers,Possible-Nutrition Weight Loss,4.6534953,Health & Fitness,0,True,INR,Truweight Wellness,"1,000,000+"
lifestyle,com.diet.planner,Smart Diet Planner weight loss,3.952,Health & Fitness,0,True,INR,Appneurons Technologies private limited,"100,000+"
lifestyle,to.being.now,being: my mental health friend,4.4699645,Health & Fitness,0,True,INR,House Of Being,"500,000+"
lifestyle,steptracker.healthandfitness.walkingtracker.pedometer,Step Tracker - Pedometer,4.80952,Health & Fitness,0,True,INR,Leap Fitness Group,"10,000,000+"
lifestyle,co.intellect.app,Intellect: Create A Better You,4.7797832,Health & Fitness,0,True,INR,The Intellect Company,"1,000,000+"
news and magazines,com.google.android.apps.magazines,Google News - Daily Headlines,4.1904764,News & Magazines,0,True,INR,Google LLC,"1,000,000,000+"
news and magazines,com.jio.media.jioxpressnews,"JioNews - Live News, Videos, N",4.2782655,News & Magazines,0,True,INR,Jio Media Limited,"10,000,000+"
news and magazines,flipboard.app,Flipboard: The Social Magazine,3.9455247,News & Magazines,0,True,INR,Flipboard,"500,000,000+"
news and magazines,com.dci.magzter,"Magzter: Magazines, Newspapers",4.1518154,News & Magazines,0,True,INR,Magzter Inc.,"1,000,000+"
news and magazines,com.eterno,Dailyhunt: Xpresso News Videos,4.5431952,News & Magazines,0,True,INR,Eterno Infotech,"100,000,000+"
news and magazines,com.nis.app,Inshorts - News in 60 words,4.3156366,News & Magazines,0,True,INR,Inshorts,"10,000,000+"
news and magazines,com.toi.reader.activities,Times Of India: TOI Daily News,4.2794733,News & Magazines,0,True,INR,Times Internet Limited,"10,000,000+"
news and magazines,com.readly.client,Readly Magazines & Newspapers,3.41,News & Magazines,0,True,INR,Readly International,"1,000,000+"
news and magazines,com.newspaperdirect.pressreader.android,PressReader: News & Magazines,4.4059405,News & Magazines,0,True,INR,PressReader Inc.,"5,000,000+"
news and magazines,com.ak.ta.dainikbhaskar.activity,Hindi News by Dainik Bhaskar,4.101325,News & Magazines,0,True,INR,Dainik Bhaskar Group,"50,000,000+"
news and magazines,com.opera.app.news,Opera News: breaking & local,3.9507127,News & Magazines,0,True,INR,Opera,"100,000,000+"
news and magazines,com.mobstac.thehindu,The Hindu: Live News Updates,4.4202933,News & Magazines,0,True,INR,THG Publishing Private Limited,"10,000,000+"
news and magazines,sun.way2sms.hyd.com,"Way2News: News app, Short News",4.51071,News & Magazines,0,True,INR,Way2News ( Formerly Way2SMS ),"10,000,000+"
news and magazines,com.issuu.android.app,Issuu: magazines & books,4.0503354,News & Magazines,0,True,INR,Issuu.,"5,000,000+"
news and magazines,com.et.reader.activities,Economic Times : Business News,4.5903306,News & Magazines,0,True,INR,Times Internet Limited,"10,000,000+"
news and magazines,com.readwhere.app,Readwhere - News & Magazines,4.0475383,News & Magazines,0,True,INR,Readwhere.com,"500,000+"
news and magazines,news.india.newspaper.taja.khabar,All in One Newspapers: Latest ,3.4717515,News & Magazines,0,True,INR,Indian Online Newspapers Apps,"100,000+"
news and magazines,in.AajTak.headlines,Aaj Tak Hindi News Live TV App,3.9907186,News & Magazines,0,True,INR,TV Today Network Limited,"50,000,000+"
news and magazines,com.til.timesnews,Newspoint : Public News App,3.9088604,News & Magazines,0,True,INR,Times Internet Limited,"50,000,000+"
news and magazines,com.zinio.mobile.android.reader,ZINIO - Magazine Newsstand,3.6125655,News & Magazines,0,True,INR,ZINIO,"50,000,000+"
news and magazines,com.indiatoday,India Today - English News,4.0634103,News & Magazines,0,True,INR,TV Today Network Limited,"1,000,000+"
news and magazines,com.org.AmarUjala.news,"Amar Ujala Hindi News, ePaper",4.329288,News & Magazines,0,True,INR,Amarujala,"1,000,000+"
news and magazines,com.indianexpress.android,Indian Express News + Epaper,4.055876,News & Magazines,0,True,INR,The Indian Express Online,"1,000,000+"
news and magazines,ma.safe.bn,Breaking News: Local & Alerts,4.156177,News & Magazines,0,True,INR,SAFE APPS,"10,000,000+"
news and magazines,com.devhd.feedly,Feedly - Smarter News Reader,4.061117,News & Magazines,0,True,INR,Feedly Team,"5,000,000+"
news and magazines,com.sonus.news.sonusw,All Newspapers,4.47644,News & Magazines,0,True,INR,SoNus,"500,000+"
news and magazines,com.world.news.alap,World News: Breaking News App,4.19802,News & Magazines,0,True,INR,AKU Apps,"100,000+"
news and magazines,com.hindi.jagran.android.activity,Jagran Hindi News & Epaper App,4.087613,News & Magazines,0,True,INR,Jagran Prakashan Limited,"10,000,000+"
news and magazines,com.teesapps.worldnewsandmagz,World News & Magazines,4.7272725,News & Magazines,0,True,INR,Loopwalk Labs,"10,000+"
news and magazines,jp.gocro.smartnews.android,SmartNews: Local Breaking News,4.2203946,News & Magazines,0,True,INR,"SmartNews, Inc.","50,000,000+"
photo and video,com.camerasideas.instashot,Video Editor & Maker - InShot,4.5893636,Photography,0,True,INR,InShot Video Editor,"500,000,000+"
photo and video,com.photo.video.editor.slideshow.videomaker,Photo video maker,4.076114,Video Players & Editors,0,True,INR,photo music video std,"10,000,000+"
photo and video,com.adobe.lrmobile,Lightroom Photo & Video Editor,4.369426,Photography,0,True,INR,Adobe,"100,000,000+"
photo and video,com.picsart.studio,"Picsart AI Photo Editor, Video",4.195271,Photography,0,True,INR,"PicsArt, Inc.","1,000,000,000+"
photo and video,com.canva.editor,Photo & Video Editor - Canva,4.4842315,Art & Design,0,True,INR,Canva,"100,000,000+"
photo and video,com.google.android.apps.photos,Google Photos,4.40229,Photography,0,True,INR,Google LLC,"5,000,000,000+"
photo and video,videoeditor.videomaker.slideshow.fotoplay,Photo Video Maker & Music,4.6379876,Video Players & Editors,0,True,INR,FotoPlay Video Maker,"10,000,000+"
photo and video,com.vido.particle.ly.lyrical.status.maker,Vido : Video Status Maker,4.0694795,Tools,0,True,INR,Vido - Video Status Maker,"50,000,000+"
photo and video,com.funcamerastudio.videomaker,Video Maker Music Video Editor,4.4848557,Video Players & Editors,0,True,INR,VIDEOSHOW Video Editor & Video Maker LTD.,"100,000,000+"
photo and video,com.yy.biu,Noizz: video editor with music,3.9773254,Tools,0,True,INR,Noizz Team,"100,000,000+"
photo and video,com.mast.status.video.edit,mAst: Music Status Video Maker,4.322407,Video Players & Editors,0,True,INR,mAst Team,"100,000,000+"
photo and video,com.gv.photovideoeditorwithsong,Photo Video Editor With Song,3.9325025,Video Players & Editors,0,True,INR,Randy Rankin,"5,000,000+"
photo and video,com.moviemakerwithmusic.pictomoviecreat,Photo Video Maker With Music,3.7520373,Video Players & Editors,0,True,INR,Photo Video Maker With Music - Video Maker - pmly,"10,000,000+"
photo and video,com.opalsapps.photoslideshowwithmusic,Photo Slideshow with Music,3.9850912,Photography,0,True,INR,Opals Apps,"50,000,000+"
photo and video,com.niksoftware.snapseed,Snapseed,4.2492323,Photography,0,True,INR,Google LLC,"100,000,000+"
photo and video,photo.editor.photoeditor.photoeditorpro,Photo Editor - Polish,4.5999026,Photography,0,True,INR,InShot Inc.,"100,000,000+"
photo and video,slideshow.photo.video.videomaker,Photo Video Maker with Music,4.3675504,Video Players & Editors,0,True,INR,Photo Video Maker - Office Tools,"10,000,000+"
photo and video,com.linecorp.b612.android,B612 Camera&Photo/Video Editor,4.1899724,Photography,0,True,INR,SNOW Corporation,"500,000,000+"
photo and video,com.atomicadd.fotos,A+ Gallery - Photos & Videos,4.3103175,Photography,0,True,INR,AtomicAdd Team,"10,000,000+"
photo and video,vsin.t16_funny_photo,Photo Lab Picture Editor & Art,4.019095,Photography,0,True,INR,Linerock Investments LTD,"100,000,000+"
photo and video,com.google.android.apps.photosgo,Gallery,4.162843,Photography,0,True,INR,Google LLC,"500,000,000+"
photo and video,com.instagram.android,Instagram,4.2808537,Social,0,True,INR,Instagram,"1,000,000,000+"
photo and video,com.nexstreaming.app.kinemasterfree,KineMaster-Video Editor&Maker,4.2548075,Video Players & Editors,0,True,INR,"KineMaster, Video Editor Experts Group","100,000,000+"
photo and video,com.vsco.cam,VSCO: Photo & Video Editor,3.8931043,Photography,0,True,INR,VSCO,"100,000,000+"
photo and video,glitchvideoeditor.videoeffects.glitchvideoeffect,Video Editor - Glitch Video,4.4375,Video Players & Editors,0,True,INR,InShot Inc.,"50,000,000+"
photo and video,com.lyrical.videostatus.photovideomaker,Photo Video Maker With Music,3.7425742,Tools,0,True,INR,Photo Video Maker With Music App Studio,"100,000+"
photo and video,vinkle.video.editor,Beat.ly: music video maker,4.176772,Video Players & Editors,0,True,INR,Beat.ly music video maker with effects,"100,000,000+"
photo and video,videoeditor.videomaker.videoeditorforyoutube,Video Maker - Video.Guru,4.5655413,Video Players & Editors,0,True,INR,InShot Video Editor,"50,000,000+"
photo and video,gallery.hidepictures.photovault.lockgallery,Gallery - Photo Gallery App,4.561861,Tools,0,True,INR,InShot Inc.,"10,000,000+"
photo and video,com.slideshow.videomaker.photovideo,Photo Video Maker with Music,3.9279094,Video Players & Editors,0,True,INR,APPLUS Studio,"10,000,000+"
real estate,com.nnacres.app,99acres Buy/Rent/Sell Property,4.3746767,House & Home,0,True,INR,infoedge.com,"10,000,000+"
real estate,com.timesgroup.magicbricks,"Magicbricks Buy, Rent Property",4.4373555,House & Home,0,True,INR,MagicBricks Reality Services Ltd,"10,000,000+"
real estate,com.move.realtor,Realtor.com Real Estate,4.58,House & Home,0,True,INR,realtor.com®,"10,000,000+"
real estate,com.locon.housing,"Housing: Buy, Rent, Sell & Pay",4.586413,House & Home,0,True,INR,Housing,"10,000,000+"
real estate,com.redfin.android,Redfin Houses for Sale & Rent,4.45,House & Home,0,True,INR,Redfin,"5,000,000+"
real estate,com.trulia.android,Trulia: Homes For Sale & Rent,4.49,House & Home,0,True,INR,Trulia,"10,000,000+"
real estate,com.nobroker.app,NoBroker Property Rent & Sale,4.4377146,Lifestyle,0,True,INR,NoBroker Technologies Solutions Pvt Ltd,"10,000,000+"
real estate,com.nnland,Real Estate Property,4.0227275,House & Home,0,True,INR,99Land.com,"10,000+"
real estate,au.com.realestate.app,realestate.com.au - Property,4.74,House & Home,0,True,INR,realestate.com.au,"1,000,000+"
real estate,com.homeonline.homeseekerpropsearch,Homeonline - Property Search &,3.8809524,House & Home,0,True,INR,Homeonline,"100,000+"
real estate,com.makaan,makaan - real estate & propert,2.7477477,Business,0,True,INR,Makaan.com Pvt. Ltd.,"500,000+"
real estate,es.roid.and.trovit,Real Estate sale & rent Trovit,3.4755557,House & Home,0,True,INR,Trovit,"10,000,000+"
real estate,com.farlex.dictionary.realestate,Real Estate Dictionary,4.464286,Books & Reference,0,True,INR,TheFreeDictionary.com – Farlex,"10,000+"
real estate,com.realestateindia.com,RealEstateIndia - Property App,3.7,Business,0,True,INR,Weblink .in Pvt. Ltd.,"100,000+"
real estate,com.homesnap,Homesnap - Find Homes for Sale,4.413793,House & Home,0,True,INR,Homesnap,"1,000,000+"
real estate,ae.propertyfinder.propertyfinder,Property Finder - Real Estate,3.79,House & Home,0,True,INR,Property Finder,"1,000,000+"
real estate,ca.crea.app.consumer,REALTOR.ca Real Estate & Homes,4.3,House & Home,0,True,INR,Canadian Real Estate Association,"500,000+"
real estate,com.housesigma.android,HouseSigma Canada Real Estate,4.857143,House & Home,0,True,INR,HouseSigma,"100,000+"
real estate,com.luxuryestate.android,LuxuryEstate – Luxury Homes,4.75,Lifestyle,0,True,INR,Luxuryestate.com,"100,000+"
real estate,com.millionairemind.realestateinvestingforbeginners,Beginner Real Estate Investing,4.8,House & Home,0,True,INR,Millionaire Mind,"50,000+"
real estate,com.bayut.bayutapp,Bayut – UAE Property Search,4.792079,House & Home,0,True,INR,Bayut,"1,000,000+"
real estate,com.zoopla.activity,Zoopla homes to buy & rent,4.521739,Lifestyle,0,True,INR,Zoopla,"1,000,000+"
real estate,com.xome.android,Real Estate by Xome,5.0,House & Home,0,True,INR,Xome Inc.,"100,000+"
real estate,au.com.allhomes,Allhomes Real Estate & Propert,5.0,House & Home,0,True,INR,Domain Holdings Australia,"100,000+"
real estate,com.commonfloor,CommonFloor Property Search,2.3254378,Lifestyle,0,True,INR,Quikr India Pvt. Ltd.,"1,000,000+"
real estate,com.ma.realestate.app,Real Estate Dictionary,3.909091,Finance,0,True,INR,Edutainment Ventures- Making Games People Play,"10,000+"
real estate,com.real.estate.property,All In one - Real Estate | Pro,3.6716418,House & Home,0,True,INR,All In One Appz,"10,000+"
real estate,com.fortnofffinancial.dealcheck_rentals,DealCheck: Analyze Real Estate,4.0,Finance,0,True,INR,Fortnoff Financial LLC,"100,000+"
real estate,com.town.properties,Town Property,4.714286,House & Home,0,True,INR,Town Properties,"1,000+"
shopping,com.snapdeal.main,Snapdeal: Online Shopping App,4.550615,Shopping,0,True,INR,Snapdeal Limited,"100,000,000+"
shopping,com.flipkart.android,Flipkart Online Shopping App,4.26455,Shopping,0,True,INR,Flipkart,"500,000,000+"
shopping,com.myntra.android,Myntra - Fashion Shopping App,4.2313514,Shopping,0,True,INR,Myntra,"100,000,000+"
shopping,com.meesho.supply,Meesho: Online Shopping App,4.2997603,Shopping,0,True,INR,Meesho,"100,000,000+"
shopping,com.flipkart.shopsy,Shopsy Shopping App - Flipkart,4.1584873,Shopping,0,True,INR,Shopsy,"100,000,000+"
shopping,com.buy.anythingnew,Low Price Online Shopping App,2.9335444,Shopping,0,True,INR,Yami Enterprises Pvt Ltd,"1,000,000+"
shopping,com.ril.ajio,AJIO - House Of Brands,4.354324,Shopping,0,True,INR,Reliance Retail Ltd,"100,000,000+"
shopping,com.ebay.mobile,eBay - Shop at the Marketplace,3.6983693,Shopping,0,True,INR,eBay Mobile,"100,000,000+"
shopping,com.bewakoof.bewakoof,Bewakoof - Online Shopping App,4.564498,Shopping,0,True,INR,Bewakoof - Online Shopping App,"10,000,000+"
shopping,in.amazon.mShop.android.shopping,"Amazon India Shop, Pay, miniTV",4.107586,Shopping,0,True,INR,Amazon Mobile LLC,"100,000,000+"
shopping,com.etsy.android,Etsy: Custom & Creative Goods,4.4525,Shopping,0,True,INR,"Etsy, Inc","10,000,000+"
shopping,com.fsn.nds,Nykaa Fashion – Shopping App,4.218477,Shopping,0,True,INR,Nykaa.com,"10,000,000+"
shopping,com.shopping.limeroad,LimeRoad Shop Curated Fashion,4.2218695,Shopping,0,True,INR,LimeRoad Online Shopping,"50,000,000+"
shopping,company.coutloot,CoutLoot Online Shopping App,4.1287417,Shopping,0,True,INR,CoutLoot,"10,000,000+"
shopping,com.shopclues,ShopClues,3.4139993,Shopping,0,True,INR,ShopClues,"50,000,000+"
shopping,com.fsn.nykaa,Nykaa: Beauty Shopping App,4.5666785,Shopping,0,True,INR,Nykaa.com,"10,000,000+"
shopping,com.tul.tatacliq,Tata CLiQ Online Shopping App,4.1542954,Shopping,0,True,INR,Tata Unistore Limited,"50,000,000+"
shopping,com.poshmark.app,Poshmark - Buy & Sell Fashion,3.7855227,Shopping,0,True,INR,"Poshmark, Inc","10,000,000+"
shopping,com.banggood.client,Banggood - Online Shopping,4.249525,Shopping,0,True,INR,Banggood,"50,000,000+"
shopping,com.jpl.jiomart,JioMart Online Shopping App,4.5099688,Shopping,0,True,INR,Jio Platforms Limited,"50,000,000+"
shopping,com.applications.lifestyle,Lifestyle - Online Shopping Fo,3.980058,Shopping,0,True,INR,Landmark Online India Pvt. Ltd.,"10,000,000+"
shopping,com.bigbasket.mobileapp,bigbasket & bbnow: Grocery App,4.5348,Shopping,0,True,INR,Bigbasket.com,"10,000,000+"
shopping,com.alibaba.intl.android.apps.poseidon,Alibaba.com - B2B marketplace,4.264596,Shopping,0,True,INR,Alibaba Mobile,"100,000,000+"
shopping,shoppersstop.shoppersstop,Shoppers Stop Fashion Shopping,4.2584524,Shopping,0,True,INR,Shoppers Stop,"5,000,000+"
shopping,com.ubuy,Ubuy Global Shopping App India,4.153257,Shopping,0,True,INR,Ubuy Co.,"1,000,000+"
shopping,com.nnnow.arvind,NNNOW Online Shopping App,4.5289855,Shopping,0,True,INR,Arvind Internet,"1,000,000+"
shopping,com.joom,Joom. Shopping for every day,4.1130433,Shopping,0,True,INR,Joom,"100,000,000+"
shopping,co.go.fynd,Fynd Online Shopping App,3.8463838,Shopping,0,True,INR,Shopsense Retail Technologies Ltd.,"10,000,000+"
shopping,in.dmart,DMart Ready Online Grocery App,4.497875,Shopping,0,True,INR,Avenue E-Commerce Ltd.,"10,000,000+"
shopping,com.tataunistore.luxury,Tata CLiQ Luxury Shopping App,4.177365,Shopping,0,True,INR,Tata Unistore Limited,"5,000,000+"
social media,com.twitter.android,Twitter,4.2461843,Social,0,True,INR,"Twitter, Inc.","1,000,000,000+"
social media,com.mewe,MeWe,4.2629676,Social,0,True,INR,MeWe,"5,000,000+"
social media,com.reddit.frontpage,Reddit,4.1741014,Social,0,True,INR,reddit Inc.,"100,000,000+"
social media,com.facebook.katana,Facebook,4.0981083,Social,0,True,INR,"Meta Platforms, Inc.","5,000,000,000+"
social media,com.instagram.android,Instagram,4.280854,Social,0,True,INR,Instagram,"1,000,000,000+"
social media,com.linkedin.android,LinkedIn: Jobs & Business News,4.2775,Business,0,True,INR,LinkedIn,"1,000,000,000+"
social media,org.telegram.messenger,Telegram,4.2228045,Communication,0,True,INR,Telegram FZ-LLC,"1,000,000,000+"
social media,com.hootsuite.droid.full,Hootsuite: Schedule Posts,4.0826087,Social,0,True,INR,Hootsuite,"5,000,000+"
social media,com.clubhouse.app,Clubhouse,4.1770787,Social,0,True,INR,Alpha Exploration Co.,"10,000,000+"
social media,com.sproutsocial.android,Sprout Social - Social Media,3.7065217,Social,0,True,INR,"Sprout Social, Inc.","100,000+"
social media,org.buffer.android,Buffer: Social Media Planner,4.1050725,Social,0,True,INR,"Buffer, Inc","1,000,000+"
social media,com.web_view_mohammed.ad.webview_app,Appso: all social media apps,3.8964083,Social,0,True,INR,M Alaa Zaki AbuTayyem,"10,000,000+"
social media,com.bereal.ft,BeReal. Your friends for real.,4.4957747,Social,0,True,INR,BeReal,"10,000,000+"
social media,com.ripl.android,Ripl: Social Media Marketing,3.58,Art & Design,0,True,INR,Ripl Inc.,"1,000,000+"
social media,net.hookle,Hookle: Social media manager,4.6,Social,0,True,INR,Hookle Inc.,"100,000+"
social media,com.justunfollow.android,Crowdfire: Manage Social Media,3.6829746,Social,0,True,INR,Crowdfire Inc,"5,000,000+"
social media,com.tumblr,"Tumblr—Fandom, Art, Chaos",4.587557,Social,0,True,INR,"Tumblr, Inc","100,000,000+"
social media,com.pepul.socialnetworking,"Pepul, Social Media from India",3.6410615,Social,0,True,INR,Pepul Tech Private Limited,"1,000,000+"
social media,com.minds.mobile,Minds,2.78,Social,0,True,INR,Minds,"500,000+"
social media,com.fanbase,Fanbase - Monetize Content,3.825,Social,0,True,INR,Fanbase Social Media Inc,"100,000+"
social media,ru.ok.android,OK: Social Network,4.1666665,Social,0,True,INR,Odnoklassniki Ltd,"100,000,000+"
social media,co.vero.app,Vero - True Social,3.5608695,Social,0,True,INR,"Vero Labs, Inc.","1,000,000+"
social media,com.quora.android,Quora: the knowledge platform,4.4489455,News & Magazines,0,True,INR,"Quora, Inc.","10,000,000+"
social media,com.vkontakte.android,"VK: music, video, messenger",4.137343,Social,0,True,INR,VK.com,"100,000,000+"
social media,com.opteka_allsocialmedia.android,all social media apps in 1 app,3.8235295,Social,0,True,INR,OPTEKASOFT,"10,000+"
social media,com.zoho.zohosocial,Zoho Social,4.73,Social,0,True,INR,Zoho Corporation,"100,000+"
social media,com.gettr.gettr,GETTR,4.327273,Social,0,True,INR,"GETTR USA, Inc","5,000,000+"
social media,uhiveapp.uhive.com.uhive,Uhive - फ्रीडम सोशल नेटवर्क,4.1485147,Social,0,True,INR,UHIVE Limited,"1,000,000+"
social media,com.bg.socialcardmaker,Social Media Post Maker,4.388805,Business,0,True,INR,Apps You Love,"1,000,000+"
social media,com.socialchamp.socialchamp,Social Champ: Social Media App,3.8666666,Social,0,True,INR,OuzelSystems,"5,000+"
sports,com.yahoo.mobile.client.android.sportacular,Yahoo Sports: Scores & Updates,4.19,Sports,0,True,INR,Yahoo,"10,000,000+"
sports,com.espn.score_center,ESPN,4.3,Sports,0,True,INR,Disney,"50,000,000+"
sports,com.scores365,365Scores: Live Scores & News,4.267672,Sports,0,True,INR,365Scores LTD,"50,000,000+"
sports,com.theathletic,The Athletic: Sports News,4.66,Sports,0,True,INR,The Athletic Media Company,"1,000,000+"
sports,com.sofascore.results,Sofascore - Sports live scores,4.717757,Sports,0,True,INR,Sofascore,"10,000,000+"
sports,com.livescore,LiveScore: Live Sports Scores,4.6504235,Sports,0,True,INR,LiveScore Limited,"50,000,000+"
sports,com.dazn,DAZN: Watch Live Sports,1.2277228,Sports,0,True,INR,DAZN,"10,000,000+"
sports,de.motain.iliga,OneFootball - Soccer Scores,4.5014877,Sports,0,True,INR,Onefootball GmbH,"50,000,000+"
sports,com.bleacherreport.android.teamstream,Bleacher Report: Sports News,3.9249249,Sports,0,True,INR,Bleacher Report Inc.,"10,000,000+"
sports,bbc.mobile.sport.ww,BBC Sport - News & Live Scores,4.543379,Sports,0,True,INR,BBC Studios Limited,"1,000,000+"
sports,es.lfp.laligatv,LaLiga Sports TV Live,2.988889,Sports,0,True,INR,La Liga Nacional de Fútbol Profesional,"5,000,000+"
sports,com.sonyliv,"Sony LIV:Sports, Entertainment",4.1693735,Entertainment,0,True,INR,Sony Pictures Networks India Pvt. Ltd,"100,000,000+"
sports,eu.livesport.FlashScore_com,Flashscore,4.617647,Sports,0,True,INR,Flashscore,"10,000,000+"
sports,lunosoftware.sportsalerts,Sports Alerts - live scores,0.0,Sports,0,True,INR,"Luno Software, Inc.","100,000+"
sports,com.espn.fantasy.lm.football,ESPN Fantasy Sports,3.86,Sports,0,True,INR,Disney,"10,000,000+"
sports,com.stt.android,Sports Tracker Running Cycling,4.26003,Health & Fitness,0,True,INR,Suunto,"10,000,000+"
sports,com.onesports.score,AiScore - Live Sports Scores,4.099138,Sports,0,True,INR,AiScore Sports,"10,000,000+"
sports,com.supersport.android.phone,SuperSport,3.06,Sports,0,True,INR,SuperSport Online,"10,000,000+"
sports,com.beinsports.andcontent,beIN SPORTS,3.53,Sports,0,True,INR,beIN MEDIA GROUP,"10,000,000+"
sports,com.mobilefootie.wc2010,FotMob - Soccer Live Scores,4.7317963,Sports,0,True,INR,FotMob AS,"10,000,000+"
sports,com.resultadosfutbol.mobile,BeSoccer - Soccer Live Score,4.455696,Sports,0,True,INR,BeSoccer Apps,"50,000,000+"
sports,com.netcosports.andflowsports,Flow Sports,2.9761906,Sports,0,True,INR,Cable & Wireless Communications,"500,000+"
sports,com.sportsbuzz.livescore,SportsBuzz:Live Sports Updates,3.89,Sports,0,True,INR,SportsBuzz.com,"100,000+"
sports,com.halcyon.playbook,AllStar Football Scores & Odds,0.0,Sports,0,True,INR,The AllStar Sports,"100,000+"
sports,com.sportngin.android,SportsEngine – Team Management,0.0,Sports,0,True,INR,SportsEngine,"1,000,000+"
sports,com.nbaimd.gametime.nba2011,NBA: Live Games & Scores,2.6489725,Sports,0,True,INR,"NBA Properties, Inc.","10,000,000+"
sports,com.jio.media.ondemand,"JioCinema - Sports, Movies, TV",3.4251747,Entertainment,0,True,INR,Reliance Storage  Limited,"100,000,000+"
sports,com.adidas.app,adidas,3.908405,Sports,0,True,INR,adidas,"10,000,000+"
sports,eu.inlogic.tennis.open.tournament2019,Tennis World Open 2023 - Sport,4.250362,Sports,0,True,INR,INLOGIC SPORTS - football tennis golf soccer,"10,000,000+"
sports,com.mu.muclubapp,Manchester United Official App,4.489692,Sports,0,True,INR,Manchester United Limited,"10,000,000+"
travel,com.tripadvisor.tripadvisor,Tripadvisor: Plan & Book Trips,4.458981,Travel & Local,0,True,INR,Tripadvisor,"100,000,000+"
travel,com.tripit,TripIt: Travel Planner,4.4871793,Travel & Local,0,True,INR,"TripIt, Inc.","5,000,000+"
travel,net.skyscanner.android.main,Skyscanner Flights Hotels Cars,4.660323,Travel & Local,0,True,INR,Skyscanner Ltd,"50,000,000+"
travel,com.booking,Booking.com: Hotels and more,4.46255,Travel & Local,0,True,INR,Booking.com Hotels & Vacation Rentals,"500,000,000+"
travel,com.hostelworld.app,Hostelworld: Hostel Travel App,4.390625,Travel & Local,0,True,INR,Hostelworld.com,"5,000,000+"
travel,com.wanderlog.android,Wanderlog - Trip Planner App,4.881188,Travel & Local,0,True,INR,Wanderlog,"100,000+"
travel,com.hopper.mountainview.play,"Hopper: Hotels, Flights & Cars",2.7730062,Travel & Local,0,True,INR,Hopper Inc.,"10,000,000+"
travel,com.roadtrippers,Roadtrippers - Trip Planner,3.0842106,Travel & Local,0,True,INR,Roadtrippers,"1,000,000+"
travel,com.YRH.PackPoint,PackPoint travel packing list,4.57,Travel & Local,0,True,INR,Wawwo,"1,000,000+"
travel,com.airbnb.android,Airbnb,4.3730426,Travel & Local,0,True,INR,Airbnb,"100,000,000+"
travel,com.rome2rio.www.rome2rio,Rome2rio: Get from A to B anyw,4.8,Travel & Local,0,True,INR,Rome2rio,"1,000,000+"
travel,com.makemytrip,"MakeMyTrip Hotels, Flight, Bus",4.5777802,Travel & Local,0,True,INR,"MakeMyTrip—Hotel, Flight, IRCTC Authorised Partner","50,000,000+"
travel,com.kayak.android,"KAYAK: Flights, Hotels & Cars",4.451128,Travel & Local,0,True,INR,KAYAK.com,"10,000,000+"
travel,com.visitacity.visitacityapp,Visit A City,4.46,Travel & Local,0,True,INR,Visit A City,"1,000,000+"
travel,com.wego.android,"Wego Flights, Hotels, Trains &",4.3692436,Travel & Local,0,True,INR,Wego.com,"10,000,000+"
travel,com.citymapper.app.release,Citymapper: All Your Transport,4.747059,Maps & Navigation,0,True,INR,Citymapper Limited,"10,000,000+"
travel,com.holidify.andorid.app.holidify,Trip Planner: India's Best Tra,4.55489,Travel & Local,0,True,INR,Holidify.com,"100,000+"
travel,com.google.android.apps.maps,Google Maps,4.1853127,Travel & Local,0,True,INR,Google LLC,"10,000,000,000+"
travel,com.hoteltonight.android.prod,HotelTonight: Hotel Deals,4.13,Travel & Local,0,True,INR,HotelTonight,"5,000,000+"
travel,com.polarsteps,Polarsteps - Travel Tracker,4.4455447,Travel & Local,0,True,INR,Polarsteps,"1,000,000+"
travel,culturetrip.com,Culture Trip: Book Travel,4.4,Travel & Local,0,True,INR,Culture Trip,"1,000,000+"
travel,com.beatravelbuddy.travelbuddy,Travel Buddy:Social Network,3.7218935,Travel & Local,0,True,INR,Terrainspotter,"1,000,000+"
travel,com.aita,App in the Air - Trip Planner,4.66,Travel & Local,0,True,INR,"App in the Air, Inc.","500,000+"
travel,com.expedia.bookings,"Expedia: Hotels, Flights & Car",3.9211957,Travel & Local,0,True,INR,Expedia,"10,000,000+"
travel,com.getyourguide.android,GetYourGuide: Tours & Tickets,4.8,Travel & Local,0,True,INR,GetYourGuide,"5,000,000+"
travel,com.tripoto,Tripoto: Travel Planner,4.50308,Travel & Local,0,True,INR,Tripoto,"1,000,000+"
travel,com.agoda.mobile.consumer,Agoda,4.536581,Travel & Local,0,True,INR,agoda.com,"50,000,000+"
travel,com.outbound,Travello Travel From Home,4.45,Travel & Local,0,True,INR,Travello App,"500,000+"
travel,com.traveltriangle.traveller,TravelTriangle - Tour Packages,4.38503,Travel & Local,0,True,INR,Holiday Triangle Travel Pvt Ltd,"1,000,000+"
travel,com.sabre.tripcase.android,TripCase – Travel Organizer,4.23,Travel & Local,0,True,INR,Sabre Traveler Solutions,"1,000,000+"
utility and productivity,cc.forestapp,Forest: Focus for Productivity,4.616403,Productivity,0,True,INR,Seekrtech,"10,000,000+"
utility and productivity,com.qqlabs.minimalistlauncher,minimalist phone: Productivity,,Productivity,0,True,INR,QQLabs,"500,000+"
utility and productivity,com.apalon.to.do.list,Productive - Habit tracker,4.37,Productivity,0,True,INR,Apalon Apps,"1,000,000+"
utility and productivity,com.wlxd.pomochallenge,Productivity Challenge Timer,4.6502833,Productivity,0,True,INR,Ensit Media,"500,000+"
utility and productivity,notion.id,"Notion - notes, docs, tasks",4.0806174,Productivity,0,True,INR,"Notion Labs, Inc.","10,000,000+"
utility and productivity,com.google.android.apps.tasks,Google Tasks,4.5073156,Productivity,0,True,INR,Google LLC,"10,000,000+"
utility and productivity,com.superelement.pomodoro,Focus To-Do: Pomodoro & Tasks,4.478776,Productivity,0,True,INR,Pomodoro Timer & To Do List - SuperElement Soft,"5,000,000+"
utility and productivity,com.apps.adrcotfas.goodtime,Minimalist Pomodoro Timer,4.491289,Productivity,0,True,INR,Goodtime,"1,000,000+"
utility and productivity,com.todoist,Todoist: to-do list & planner,4.5356603,Productivity,0,True,INR,Doist Inc.,"10,000,000+"
utility and productivity,com.boostedproductivity.app,Boosted Time Tracker,4.6685715,Productivity,0,True,INR,Boosted Productivity,"1,000,000+"
utility and productivity,com.rescuetime.android,RescueTime Classic,3.72,Productivity,0,True,INR,RescueTime,"500,000+"
utility and productivity,com.evernote,Evernote - Note Organizer,4.5443344,Productivity,0,True,INR,Evernote Corporation,"100,000,000+"
utility and productivity,milki.focus.timer,Milki - Pomodoro Study Timer,4.733083,Productivity,0,True,INR,Christopher ODonnell,"100,000+"
utility and productivity,com.habitrpg.android.habitica,Habitica: Gamify Your Tasks,4.1640625,Productivity,0,True,INR,"HabitRPG, Inc.","1,000,000+"
utility and productivity,com.ticktick.task,TickTick:To-do list & Tasks,4.6560063,Productivity,0,True,INR,Appest Inc.,"5,000,000+"
utility and productivity,com.stayfocused,Stay Focused: Site & App Block,4.3869376,Productivity,0,True,INR,Innoxapps,"1,000,000+"
utility and productivity,com.microsoft.todos,Microsoft To Do: Lists & Tasks,4.624567,Productivity,0,True,INR,Microsoft Corporation,"10,000,000+"
utility and productivity,com.superproductivity.superproductivity,Super Productivity,4.52,Productivity,0,True,INR,The Front End,"10,000+"
utility and productivity,com.anydo,Any.do - To do list & Calendar,4.3948197,Productivity,0,True,INR,Any.do To-do list & Calendar,"10,000,000+"
utility and productivity,com.google.android.keep,Google Keep - Notes and Lists,4.1235757,Productivity,0,True,INR,Google LLC,"1,000,000,000+"
utility and productivity,com.habitnow,HabitNow Daily Routine Planner,4.711735,Productivity,0,True,INR,HabitNow,"1,000,000+"
utility and productivity,todolist.scheduleplanner.dailyplanner.todo.reminders,To-Do List - Schedule Planner,4.7236724,Productivity,0,True,INR,Dairy App & Notes & Audio Editor & Voice Recorder,"10,000,000+"
utility and productivity,com.superbyte.studybunny,Study Bunny: Focus Timer,4.240418,Productivity,0,True,INR,SuperByte,"1,000,000+"
utility and productivity,com.flipd.app,Flipd: Focus & Study Timer,3.274648,Productivity,0,True,INR,Flipd Inc.,"1,000,000+"
utility and productivity,com.AT.PomodoroTimer,Brain Focus Productivity Timer,4.50289,Productivity,0,True,INR,Brain Focus,"1,000,000+"
utility and productivity,com.albul.timeplanner,Time Planner: Schedule & Tasks,4.15,Productivity,0,True,INR,Oleksandr Albul,"5,000,000+"
utility and productivity,co.pixo.apps.focuskeeper,Focus Keeper - Time Management,3.8125,Productivity,0,True,INR,PIXO Incorporation,"100,000+"
utility and productivity,com.monday.monday,monday.com - Work Management,4.82,Productivity,0,True,INR,monday.com,"1,000,000+"
utility and productivity,app.glan,Glan: Productivity focus timer,4.52,Productivity,0,True,INR,glan.app,"100,000+"
utility and productivity,com.levor.liferpgtasks,Do It Now: RPG To Do List,4.25,Productivity,0,True,INR,Taras Lozovyi,"500,000+"
games,com.king.candycrushsaga,Candy Crush Saga,4.4198875,Casual,0,True,INR,King,"1,000,000,000+"
games,com.google.android.play.games,Google Play Games,4.2789893,Entertainment,0,True,INR,Google LLC,"5,000,000,000+"
games,com.rovio.baba,Angry Birds 2,4.2807183,Casual,0,True,INR,Rovio Entertainment Corporation,"100,000,000+"
games,dk.tactile.lilysgarden,Lily’s Garden - Design & Relax,4.215297,Puzzle,0,True,INR,Tactile Games,"50,000,000+"
games,com.nintendo.zaka,Mario Kart Tour,3.7257648,Action,0,True,INR,"Nintendo Co., Ltd.","100,000,000+"
games,com.gameloft.android.ANMP.GloftA8HM,Asphalt 8 - Car Racing Game,4.3622165,Racing,0,True,INR,Gameloft SE,"100,000,000+"
games,com.generagames.resistance,Cover Fire: Offline Shooting,4.295821,Action,0,True,INR,Viva Games Studios,"100,000,000+"
games,com.playrix.gardenscapes,Gardenscapes,4.3019466,Casual,0,True,INR,Playrix,"100,000,000+"
games,com.playrix.fishdomdd.gplay,Fishdom,4.157114,Puzzle,0,True,INR,Playrix,"100,000,000+"
games,com.halfbrick.fruitninjafree,Fruit Ninja®,4.1082625,Arcade,0,True,INR,Halfbrick Studios,"500,000,000+"
games,com.yodo1.crossyroad,Crossy Road,4.30576,Action,0,True,INR,HIPSTER WHALE,"100,000,000+"
games,com.rovio.abcasual,Angry Birds Journey,4.391828,Puzzle,0,True,INR,Rovio Entertainment Corporation,"10,000,000+"
games,com.imangi.templerun2,Temple Run 2,4.1488247,Action,0,True,INR,Imangi Studios,"500,000,000+"
games,com.bigduckgames.flow,Flow Free,4.360912,Puzzle,0,True,INR,Big Duck Games LLC,"100,000,000+"
games,com.miniclip.eightballpool,8 Ball Pool,4.327983,Sports,0,True,INR,Miniclip.com,"500,000,000+"
games,com.madfingergames.unkilled,UNKILLED - FPS Zombie Games,4.252329,Action,0,True,INR,MADFINGER Games,"10,000,000+"
games,com.kooapps.pictowordandroid,Pictoword: Fun Brain Word Game,4.030604,Word,0,True,INR,Kooapps Games | Fun Arcade and Casual Action Games,"10,000,000+"
games,com.mediocre.smashhit,Smash Hit,4.40603,Arcade,0,True,INR,Mediocre,"100,000,000+"
games,com.heliogames.westland,Westland Survival: Cowboy Game,3.9929824,Adventure,0,True,INR,Helio Games,"10,000,000+"
games,com.playrix.homescapes,Homescapes,4.35819,Casual,0,True,INR,Playrix,"100,000,000+"
games,com.JindoBlu.TwoPlayerGamesChallenge,2 Player games : the Challenge,4.3138304,Arcade,0,True,INR,JindoBlu,"100,000,000+"
games,com.Zonmob.ShadowofDeath.FightingGames,Shadow of Death: Offline Games,4.5166893,Action,0,True,INR,Bravestars Games,"10,000,000+"
games,com.ea.game.nfs14_row,Need for Speed™ No Limits,4.055188,Racing,0,True,INR,ELECTRONIC ARTS,"100,000,000+"
games,com.peoplefun.wordcross,Wordscapes,4.4587727,Word,0,True,INR,PeopleFun,"50,000,000+"
games,net.rention.mind.skillz,Skills - Logic Brain Games,4.3151603,Educational,0,True,INR,App Holdings,"10,000,000+"
games,com.playrix.township,Township,4.4088383,Casual,0,True,INR,Playrix,"100,000,000+"
games,com.nintendo.zara,Super Mario Run,3.4236045,Action,0,True,INR,"Nintendo Co., Ltd.","100,000,000+"
games,com.maroieqrwlk.unpin,Pull the Pin,3.9048781,Puzzle,0,True,INR,Popcore Games,"100,000,000+"
games,com.generamobile.ramboat,Ramboat - Offline Action Game,3.9810126,Arcade,0,True,INR,Viva Games Studios,"10,000,000+"
games,com.ragequitgames.evillands,Evil Lands: Online Action RPG,4.0103407,Role Playing,0,True,INR,Rage Quit Games LLC,"10,000,000+"
